Fighter,Final ELO,Peak ELO
Jon Jones,1870.05,1870.05
Georges St-Pierre,1824.05,1824.05
Islam Makhachev,1823.65,1823.65
Khabib Nurmagomedov,1767.06,1767.06
Charles Oliveira,1757.19,1782.1
Francis Ngannou,1752.77,1752.77
Belal Muhammad,1750.35,1750.35
Leon Edwards,1744.74,1766.97
Max Holloway,1742.5,1774.61
Amanda Nunes,1731.02,1739.76
Demetrious Johnson,1722.71,1751.15
Kamaru Usman,1720.44,1800.53
Dustin Poirier,1712.57,1763.54
Stipe Miocic,1709.68,1754.12
Alex Pereira,1708.91,1708.91
Merab Dvalishvili,1708.49,1708.49
Dricus Du Plessis,1707.76,1707.76
Ilia Topuria,1705.09,1705.09
Aljamain Sterling,1705.02,1749.15
Daniel Cormier,1704.9,1752.6
Magomed Ankalaev,1704.2,1704.2
Alexander Volkanovski,1703.93,1760.8
Khamzat Chimaev,1702.58,1702.58
Ciryl Gane,1701.17,1701.17
Alexandre Pantoja,1695.03,1695.03
Valentina Shevchenko,1689.69,1708.08
Shavkat Rakhmonov,1689.29,1689.29
Robert Whittaker,1688.76,1723.7
Grant Dawson,1685.96,1685.96
Tom Aspinall,1683.74,1683.74
Royce Gracie,1682.71,1714.53
Movsar Evloev,1680.38,1680.38
Deiveson Figueiredo,1680.13,1704.75
Vicente Luque,1677.81,1729.9
Arman Tsarukyan,1677.45,1677.45
Ryan Bader,1677.31,1677.31
Glover Teixeira,1675.92,1738.21
Brendan Allen,1675.29,1700.41
Sean O'Malley,1674.42,1695.9
Israel Adesanya,1673.62,1740.77
Sean Strickland,1673.52,1678.65
Cain Velasquez,1672.55,1711.33
Joaquin Buckley,1672.35,1672.35
Beneil Dariush,1670.55,1724.31
Jack Della Maddalena,1668.88,1668.88
Arnold Allen,1668.35,1689.12
TJ Dillashaw,1668.32,1704.18
Alexander Volkov,1665.57,1685.86
Gegard Mousasi,1664.96,1664.96
Jon Fitch,1664.81,1708.73
Curtis Blaydes,1664.66,1700.38
Zhang Weili,1662.76,1662.76
Don Frye,1661.85,1661.85
Anthony Johnson,1661.76,1688.86
Jailton Almeida,1660.5,1660.5
Cory Sandhagen,1657.69,1681.57
Demian Maia,1656.79,1736.97
Henry Cejudo,1655.32,1694.86
Benson Henderson,1654.34,1660.72
Jan Blachowicz,1653.63,1678.9
Michael Bisping,1652.91,1700.47
Colby Covington,1651.66,1696.03
Tatiana Suarez,1651.49,1651.49
Justin Gaethje,1649.93,1668.8
Manon Fiorot,1648.37,1648.37
Petr Yan,1647.55,1657.81
Mario Bautista,1646.52,1646.52
John Lineker,1645.95,1671.41
Francisco Trinaldo,1645.85,1668.91
Lerone Murphy,1645.38,1645.38
Conor McGregor,1645.13,1687.01
Ian Machado Garry,1644.37,1664.05
Maycee Barber,1643.59,1643.59
Caio Borralho,1643.38,1643.38
Renato Moicano,1642.72,1657.46
Sean Brady,1642.39,1642.39
Dan Hooker,1642.35,1652.73
Song Yadong,1640.71,1664.42
Marlon Vera,1639.75,1684.33
Randy Brown,1639.48,1662.68
Muhammad Mokaev,1639.05,1639.05
Erin Blanchfield,1637.58,1637.58
Brandon Moreno,1637.54,1664.74
Josh Emmett,1636.51,1657.51
Carlos Ulberg,1635.9,1635.9
Fabricio Werdum,1635.76,1667.74
Gilbert Burns,1635.1,1705.25
Paddy Pimblett,1635.07,1635.07
Nassourdine Imavov,1634.59,1634.59
Dong Hyun Kim,1634.42,1657.41
Lyoto Machida,1634.32,1673.49
Gregor Gillespie,1633.35,1633.35
Kenny Florian,1632.92,1669.18
Jose Aldo,1632.73,1663.55
Montel Jackson,1631.8,1631.8
Michael Chiesa,1631.76,1654.67
Yoel Romero,1631.69,1695.08
Raquel Pennington,1631.07,1654.54
Matt Hughes,1630.47,1721.9
Yair Rodriguez,1630.3,1678.68
Bryan Battle,1629.74,1629.74
Nate Diaz,1629.37,1642.01
TJ Grant,1629.08,1629.08
Anthony Hernandez,1627.54,1627.54
Michel Pereira,1627.33,1656.47
Rustam Khabilov,1627.31,1635.9
Randy Couture,1626.89,1661.07
Derrick Lewis,1626.68,1705.09
Joel Alvarez,1626.08,1626.08
Jim Miller,1626.01,1673.98
Derek Brunson,1625.18,1685.63
Brian Ortega,1624.66,1664.62
Gunnar Nelson,1623.78,1624.51
Zabit Magomedsharipov,1623.16,1623.16
Michael Morales,1622.87,1622.87
Elizeu Zaleski dos Santos,1622.69,1632.12
Rose Namajunas,1622.64,1651.64
Mateusz Gamrot,1622.49,1643.8
Roman Dolidze,1620.75,1620.75
Natalia Silva,1620.53,1620.53
Norma Dumont,1620.35,1620.35
Umar Nurmagomedov,1620.28,1637.17
Giga Chikadze,1620.06,1643.26
Zak Cummings,1618.67,1618.67
Joseph Benavidez,1617.87,1701.43
Diego Lopes,1617.85,1617.85
Geoff Neal,1617.5,1634.63
Julianna Pena,1617.16,1617.16
Chris Gutierrez,1616.44,1626.09
Phil Davis,1615.98,1641.32
Frank Shamrock,1615.51,1615.51
James Krause,1614.07,1619.68
Tyron Woodley,1613.35,1700.09
Alistair Overeem,1612.71,1640.38
Rob Font,1612.64,1641.23
Anthony Pettis,1612.45,1622.06
Said Nurmagomedov,1612.32,1615.96
Brandon Royval,1610.89,1610.89
Nikita Krylov,1610.84,1610.84
Sean Woodson,1610.26,1610.26
Carlos Prates,1610.22,1610.22
Virna Jandiroba,1610.07,1610.07
Yan Xiaonan,1609.89,1609.89
Marcin Tybura,1609.8,1618.9
Jack Hermansson,1608.95,1623.22
Gregory Rodrigues,1608.85,1608.85
Jairzinho Rozenstruik,1608.85,1613.75
Rinat Fakhretdinov,1608.1,1608.1
Rory MacDonald,1608.01,1652.6
Kyoji Horiguchi,1607.66,1607.66
Anderson Silva,1607.05,1801.77
Jiri Prochazka,1606.89,1606.89
Marvin Vettori,1606.24,1625.96
Rich Franklin,1606.05,1673.43
Neil Magny,1605.94,1689.16
Gillian Robertson,1605.85,1605.85
Darren Elkins,1605.66,1669.42
Josh Barnett,1605.57,1611.8
Mairbek Taisumov,1605.2,1626.74
Drakkar Klose,1605.08,1632.51
Robbie Lawler,1604.73,1686.04
Sergei Pavlovich,1604.47,1648.11
Bryce Mitchell,1604.07,1617.18
Vitor Belfort,1603.08,1676.63
Jonathan Martinez,1602.85,1647.17
Tatsuro Taira,1602.76,1624.82
Nasrat Haqparast,1602.68,1602.68
Cristiane Justino,1602.34,1606.43
Khaos Williams,1602.13,1602.13
Chas Skelly,1601.85,1601.85
Santiago Ponzinibbio,1601.48,1663.29
Alexa Grasso,1601.46,1618.35
Ricardo Lamas,1600.98,1639.68
Chuck Liddell,1600.73,1749.06
Jared Cannonier,1600.66,1650.53
Rick Story,1600.54,1618.2
Miranda Maverick,1599.86,1599.86
Thiago Silva,1599.6,1599.6
Dominick Reyes,1599.59,1636.15
Steve Garcia,1599.15,1599.15
Jessica Andrade,1598.93,1655.56
Rafael Dos Anjos,1598.87,1712.92
Forrest Griffin,1598.7,1608.68
Tim Sylvia,1598.46,1633.05
Ludovit Klein,1598.3,1598.3
Jorge Masvidal,1598.04,1663.73
Azamat Murzakanov,1597.46,1597.46
Muslim Salikhov,1597.31,1601.41
Diego Ferreira,1596.85,1644.41
Oleg Taktarov,1596.71,1616.83
Dan Severn,1596.63,1652.8
Jake Matthews,1596.2,1610.5
Dominick Cruz,1596.18,1617.99
Pat Miletich,1595.77,1637.62
Anthony Rocco Martin,1595.7,1613.71
Shane Burgos,1595.56,1602.16
Matt Lindland,1594.5,1596.57
Mackenzie Dern,1594.4,1603.31
Elias Theodorou,1594.15,1615.83
Edson Barboza,1593.83,1658.58
Chad Mendes,1593.38,1637.77
Macy Chiasson,1593.27,1593.27
Erik Perez,1593.03,1593.03
Germaine de Randamie,1592.56,1614.62
Michel Prazeres,1591.95,1651.63
Mark Kerr,1591.62,1591.62
Corey Anderson,1591.01,1616.85
Urijah Faber,1590.97,1623.54
Nathaniel Wood,1589.44,1597.55
JunYong Park,1589.29,1591.19
Paul Felder,1588.98,1626.43
Kelvin Gastelum,1588.82,1663.63
Frankie Edgar,1588.81,1716.4
Rashid Magomedov,1588.03,1588.03
Stephen Thompson,1587.94,1663.96
Marcus McGhee,1587.72,1587.72
Shara Magomedov,1587.07,1587.07
Chase Hooper,1587.05,1587.05
Chan Sung Jung,1586.9,1620.31
Joanderson Brito,1586.75,1609.45
Aiemann Zahabi,1586.42,1586.42
Andre Muniz,1586.39,1617.19
Daniel Marcos,1586.18,1586.18
Martin Kampmann,1586.02,1636.53
Sean Sherk,1585.98,1586.63
Amir Albazi,1585.93,1605.17
Amanda Lemos,1585.91,1613.97
Bo Nickal,1585.85,1585.85
Tagir Ulanbekov,1585.59,1585.59
Serghei Spivac,1585.37,1608.26
Cub Swanson,1585.2,1641.14
Chepe Mariscal,1585.09,1585.09
Junior Dos Santos,1584.98,1698.95
Khalil Rountree Jr.,1584.98,1603.91
William Gomis,1584.93,1584.93
Jasmine Jasudavicius,1584.74,1584.74
John Hathaway,1584.65,1608.77
Yushin Okami,1584.31,1661.74
Pedro Rizzo,1583.94,1620.27
Alan Belcher,1583.92,1622.72
Matt Hamill,1583.8,1642.41
Thales Leites,1583.38,1651.94
Katlyn Cerminara,1582.63,1623.52
Asu Almabayev,1582.51,1582.51
Farid Basharat,1582.27,1582.27
Omari Akhmedov,1582.22,1602.42
David Teymur,1582.0,1605.87
Kyler Phillips,1581.65,1602.24
Rousimar Palhares,1581.58,1608.56
Uriah Hall,1581.41,1620.59
Jordan Johnson,1581.01,1581.01
Marcos Rogerio de Lima,1580.97,1583.33
Fares Ziam,1580.96,1580.96
Daniel Rodriguez,1580.74,1629.98
Rani Yahya,1580.6,1640.52
Ignacio Bahamondes,1580.45,1580.45
Ronda Rousey,1580.44,1637.0
Roman Kopylov,1580.29,1580.29
Nicolas Dalby,1579.71,1601.42
Roger Huerta,1579.59,1619.26
Quinton Jackson,1579.44,1628.73
Mike Pierce,1579.31,1632.25
Mick Parkin,1579.16,1579.16
Carla Esparza,1578.84,1630.11
Ryan Hall,1578.83,1590.2
Rafael Fiziev,1578.82,1624.92
Andre Petroski,1578.38,1603.56
Jamahal Hill,1578.15,1628.67
Thiago Santos,1577.57,1662.78
Kai Kara-France,1577.35,1595.45
Jean Silva,1576.64,1576.64
Li Jingliang,1576.62,1630.8
Ailin Perez,1576.29,1576.29
Cheick Kongo,1576.13,1618.74
Joe Pyfer,1575.41,1575.41
Tracy Cortez,1574.59,1592.67
Irene Aldana,1574.36,1593.97
Alexandr Romanov,1574.26,1603.27
Taylor Lapilus,1574.11,1574.11
King Green,1573.77,1602.37
Matt Brown,1573.46,1650.39
Krzysztof Jotko,1573.01,1598.09
Nate Quarry,1572.92,1603.34
Rashad Evans,1572.26,1716.27
Waldo Cortes-Acosta,1572.17,1572.17
David Onama,1571.37,1571.37
Al Iaquinta,1571.23,1638.41
Dennis Siver,1571.1,1610.82
Loma Lookboonmee,1570.93,1570.93
Chris Lytle,1570.91,1570.91
Sage Northcutt,1570.74,1570.74
Raoni Barcelos,1570.3,1602.87
Pat Sabatini,1570.11,1578.31
Johny Hendricks,1570.09,1699.12
Mike Swick,1569.95,1663.1
Paulo Costa,1569.72,1620.38
Rodolfo Vieira,1569.7,1569.7
Cody Garbrandt,1569.35,1637.27
Kevin Lee,1569.28,1661.76
Mike Malott,1569.08,1572.16
Jared Rosholt,1568.93,1593.46
Jalin Turner,1568.93,1605.52
Chris Weidman,1568.55,1730.61
Youssef Zalal,1568.55,1568.55
Brett Johns,1567.71,1567.71
Anthony Smith,1567.64,1650.13
Ricky Simon,1567.59,1638.11
Iasmin Lucindo,1567.58,1567.58
Benoit Saint Denis,1567.37,1606.36
Mike Davis,1567.27,1567.27
Ricco Rodriguez,1566.98,1620.16
Karine Silva,1566.74,1590.4
Myles Jury,1566.56,1627.55
Joshua Van,1566.45,1566.45
Raul Rosas Jr.,1566.37,1566.37
Mark Bocek,1566.18,1569.32
Matt Mitrione,1565.7,1619.94
Ryan LaFlare,1565.68,1601.3
Sergio Pettis,1565.51,1589.34
Manel Kape,1565.26,1565.26
Joanna Jedrzejczyk,1565.22,1652.35
Calvin Kattar,1565.19,1616.19
Ketlen Vieira,1565.09,1588.46
Alex Caceres,1564.85,1604.95
Volkan Oezdemir,1564.64,1582.61
Mateusz Rebecki,1564.61,1567.59
John Dodson,1564.52,1611.44
Luke Rockhold,1564.36,1641.15
Kennedy Nzechukwu,1563.68,1569.61
Chael Sonnen,1563.58,1582.37
Lauren Murphy,1563.3,1580.25
Dustin Ortiz,1563.14,1578.21
Matthew Riddle,1563.12,1572.37
Sodiq Yusuff,1562.85,1612.25
Diego Sanchez,1562.84,1654.57
Tabatha Ricci,1562.78,1582.32
Jimmie Rivera,1562.75,1607.75
Martin Buday,1562.26,1573.73
Murilo Bustamante,1562.1,1562.1
Dan Ige,1562.05,1611.6
Drew Dober,1561.74,1623.06
Jacare Souza,1561.44,1662.08
Ruslan Magomedov,1561.24,1561.24
Shane Carwin,1560.75,1605.12
Oban Elliott,1560.68,1560.68
Alex Morono,1560.67,1623.87
Alonzo Menifield,1559.99,1612.56
Jens Pulver,1559.85,1618.55
Eddie Alvarez,1559.82,1577.01
Reinier de Ridder,1559.42,1559.42
Jaqueline Amorim,1559.28,1559.28
Nate Maness,1559.09,1567.59
Justin Willis,1558.87,1579.03
Jeff Molina,1558.86,1558.86
Ryan Spann,1558.76,1608.1
Christian Rodriguez,1558.55,1569.59
Leonardo Santos,1558.52,1642.02
Adrian Yanez,1558.51,1608.79
Alatengheili,1558.29,1559.21
Jacqueline Cavalcanti,1558.16,1558.16
Shawn Jordan,1558.16,1580.55
Patrick Smith,1558.11,1558.11
Jerry Bohlander,1557.88,1588.95
Thiago Moises,1557.83,1561.21
Guy Mezger,1557.51,1586.25
Donald Cerrone,1557.44,1766.08
Dustin Jacoby,1557.36,1593.23
Karo Parisyan,1557.34,1617.84
Nik Lentz,1557.17,1620.55
Dan Hardy,1557.08,1596.46
Evan Tanner,1556.95,1646.43
Andre Lima,1556.81,1556.81
Tecia Pennington,1556.73,1593.73
Alejandro Perez,1556.12,1609.61
Kevin Holland,1555.9,1636.49
Michael McDonald,1555.72,1584.06
Dooho Choi,1555.35,1575.49
Chris Wade,1555.24,1583.77
Renato Sobral,1555.21,1572.42
Charles Johnson,1555.13,1555.13
Alan Jouban,1554.6,1584.73
Damir Ismagulov,1554.51,1590.43
Lorenz Larkin,1554.22,1554.22
Bogdan Guskov,1554.13,1554.13
Kyung Ho Kang,1553.85,1604.71
Tony Ferguson,1553.81,1777.41
James Vick,1553.57,1666.63
Frank Mir,1553.51,1649.23
Kurt Pellegrino,1553.38,1593.95
Casey O'Neill,1553.19,1583.28
Kayla Harrison,1552.74,1552.74
Ben Rothwell,1552.54,1599.16
Felipe Lima,1552.27,1552.27
Laverne Clark,1552.09,1585.79
Stevie Ray,1551.93,1582.45
Tito Ortiz,1551.83,1694.56
Denise Gomes,1551.82,1551.82
Vinc Pichel,1551.73,1597.9
Stephan Bonnar,1551.63,1562.18
Jussier Formiga,1551.55,1619.26
Mark Munoz,1551.42,1627.09
Alex Perez,1551.34,1608.62
Thiago Tavares,1550.96,1582.29
Francis Carmont,1550.71,1618.74
Aleksandar Rakic,1550.66,1611.54
Bryan Caraway,1550.51,1597.88
Ilir Latifi,1550.11,1599.0
Dean Lister,1550.09,1567.03
Brady Hiestand,1550.06,1550.06
Johnny Walker,1549.81,1595.89
Alexander Gustafsson,1549.79,1649.22
John Moraga,1549.76,1575.1
Viviane Araujo,1549.69,1561.28
Esteban Ribovics,1549.69,1549.69
Askar Askarov,1549.36,1568.96
Gabriel Bonfim,1549.26,1553.15
Raphael Assuncao,1549.03,1666.59
Claudia Gadelha,1548.82,1567.89
Vinicius Oliveira,1548.77,1548.77
Payton Talbott,1548.67,1569.86
Ray Borg,1548.47,1571.03
Joel Sutton,1548.2,1548.2
Zhang Mingyang,1548.2,1548.2
Casey Kenney,1548.09,1587.35
Sergio Moraes,1548.05,1620.6
Jared Gordon,1547.98,1567.03
Gerald Meerschaert,1547.84,1578.39
Marco Ruas,1547.63,1597.23
Bas Rutten,1547.57,1547.57
Adlan Amagov,1547.32,1547.32
Cesar Almeida,1547.3,1547.3
Julio Arce,1547.13,1547.13
Hyder Amil,1547.1,1547.1
Nazim Sadykhov,1547.03,1548.14
Alberto Mina,1546.93,1569.44
Chris Padilla,1546.77,1546.77
Miles Johns,1546.7,1568.93
Davey Grant,1546.69,1548.54
Julian Erosa,1546.47,1546.47
Philipe Lins,1546.38,1546.38
Gerald Harris,1545.79,1569.75
Jon Madsen,1545.73,1572.6
Dan Henderson,1545.71,1603.58
Eryk Anders,1545.7,1550.19
Antonio Carlos Junior,1545.7,1612.52
Phillip Miller,1545.34,1545.34
Enrique Barzola,1544.93,1572.47
Jeremiah Wells,1544.83,1595.47
HyunSung Park,1544.6,1544.6
Abel Trujillo,1544.52,1593.91
Oumar Sy,1544.48,1544.48
Brock Lesnar,1544.42,1597.11
Jean Matsumoto,1544.36,1544.36
Chris Holdsworth,1544.31,1544.31
Sean Pierson,1544.21,1544.21
Michael Graves,1544.21,1544.93
Ibo Aslan,1544.18,1544.18
Paul Daley,1544.14,1559.75
Andre Fili,1543.94,1565.71
Jesus Aguilar,1543.88,1543.88
Aaron Simpson,1543.75,1575.8
Manuel Torres,1543.72,1569.84
Danny Barlow,1543.7,1543.7
Don Madge,1543.56,1543.56
Desmond Green,1543.54,1543.54
Constantinos Philippou,1543.46,1594.24
Charlie Campbell,1543.34,1543.34
Brad Tavares,1543.28,1633.0
Edimilson Souza,1543.2,1569.68
Olivier Aubin-Mercier,1543.12,1613.85
Travis Browne,1542.8,1631.97
Claude Patrick,1542.79,1563.72
Pedro Munhoz,1542.71,1635.13
Tainara Lisboa,1542.09,1542.09
Luana Santos,1542.05,1563.92
Krzysztof Soszynski,1541.99,1572.62
Marina Rodriguez,1541.92,1611.36
Tom Breese,1541.85,1572.24
Loopy Godinez,1541.78,1583.82
Alex Hunter,1541.75,1541.75
Mauricio Ruffy,1541.59,1541.59
Melvin Guillard,1541.44,1620.33
Trey Waters,1541.44,1541.44
Jake Shields,1541.17,1562.73
Jack Shore,1540.97,1596.71
Muhammad Naimov,1540.97,1571.01
Nurullo Aliev,1540.86,1540.86
Luana Carolina,1540.63,1540.63
Luis Pena,1540.54,1554.35
Viscardi Andrade,1540.51,1540.51
Chris Curtis,1540.43,1583.11
Makhmud Muradov,1540.35,1567.11
Chris Duncan,1540.29,1540.29
George Sotiropoulos,1539.61,1652.04
Claudio Puelles,1539.58,1586.79
Darren Till,1539.33,1620.18
Claudio Silva,1539.31,1609.94
Charles Radtke,1539.27,1541.38
Marcus Davis,1539.07,1626.51
Patrick Cote,1538.99,1571.6
Themba Gorimbo,1538.93,1556.71
Davi Ramos,1538.53,1579.39
Taila Santos,1538.52,1567.78
Abus Magomedov,1538.52,1538.52
Ronaldo Rodriguez,1538.41,1538.41
Albert Tumenov,1538.17,1592.5
Javid Basharat,1538.15,1558.9
Ricardo Almeida,1538.08,1559.93
Karol Rosa,1538.05,1571.57
Joe Lauzon,1537.88,1613.36
Diego Brandao,1537.84,1567.24
Cezar Ferreira,1537.84,1585.88
Ikram Aliskerov,1537.7,1552.57
Zubaira Tukhugov,1537.68,1561.16
Magnus Cedenblad,1537.34,1567.11
Wilson Gouveia,1537.24,1590.21
Iuri Alcantara,1537.14,1595.28
David Terrell,1537.04,1537.04
Jordan Mein,1537.04,1556.69
Ken Shamrock,1536.9,1601.53
Amanda Ribas,1536.73,1588.15
Maurice Smith,1536.63,1560.05
Matheus Nicolau,1535.91,1612.46
Arjan Bhullar,1535.62,1535.62
Mark Madsen,1535.55,1583.67
Norman Parke,1535.48,1575.59
Hakeem Dawodu,1535.47,1579.7
Jorge Rivera,1535.45,1557.21
Jeff Monson,1535.25,1551.54
Max Griffin,1535.0,1556.11
Josh Koscheck,1535.0,1679.36
Miesha Tate,1534.96,1565.21
Rinya Nakamura,1534.91,1558.82
Vladimir Matyushenko,1534.8,1584.02
Ali Bagautinov,1534.47,1565.76
Melsik Baghdasaryan,1534.21,1543.56
Nursulton Ruziboev,1534.08,1551.09
Brian Ebersole,1534.03,1587.36
Nicolae Negumereanu,1534.02,1562.17
Jack Jenkins,1533.89,1537.84
Jeremy Kennedy,1533.27,1558.2
Hermes Franca,1533.01,1579.76
JJ Aldrich,1532.82,1568.74
Gray Maynard,1532.56,1661.5
Dennis Bermudez,1532.41,1624.45
Johnny Case,1532.4,1582.62
Holly Holm,1532.05,1574.36
Mark Coleman,1532.01,1647.58
Carlos Condit,1531.98,1609.14
Mayra Bueno Silva,1531.75,1572.01
Charles Jourdain,1531.64,1547.95
John Castaneda,1531.45,1551.84
Karl Williams,1531.39,1553.1
Drew Fickett,1531.17,1532.05
Douglas Silva de Andrade,1531.02,1551.16
Ismail Naurdiev,1530.97,1530.97
Nick Diaz,1530.91,1581.58
Vitor Petrino,1530.82,1582.04
Vanessa Demopoulos,1530.81,1557.62
Morgan Charriere,1530.81,1530.81
Melissa Gatto,1530.77,1548.12
Mike Russow,1530.71,1587.85
Sergey Khandozhko,1530.63,1530.63
Myktybek Orolbai,1530.6,1550.99
Christian Leroy Duncan,1530.35,1547.86
Magomed Mustafaev,1530.34,1552.19
Curtis Millender,1530.11,1572.48
Mark Hunt,1529.97,1597.38
Ramazan Emeev,1529.95,1580.25
Tom Lawlor,1529.84,1549.58
Daniel Santos,1529.82,1529.82
Jafel Filho,1529.73,1529.73
Daniel Kelly,1529.64,1601.92
Tim Kennedy,1529.58,1572.91
Jacob Volkmann,1529.51,1563.92
Jacob Malkoun,1529.44,1529.44
Isaac Dulgarian,1529.43,1529.43
Adriano Martins,1529.3,1576.91
Victor Henry,1529.28,1558.25
Lucas Martins,1528.83,1553.11
Khalid Murtazaliev,1528.7,1528.7
Gleison Tibau,1528.68,1628.16
Nina Nunes,1528.56,1546.2
Allan Nascimento,1528.45,1528.45
Paul Sass,1528.45,1573.45
Shamil Gaziev,1528.38,1530.23
Sanae Kikuta,1528.33,1528.33
Genki Sudo,1528.3,1528.3
Ricardo Ramos,1528.09,1577.38
Clayton Carpenter,1527.87,1546.72
Ismael Bonfim,1527.77,1528.37
Matt Serra,1527.62,1558.16
Todd Duffee,1527.2,1550.78
Che Mills,1527.02,1527.02
Cathal Pendred,1527.02,1579.71
Nikolas Motta,1527.0,1527.0
Ikuhisa Minowa,1526.93,1526.93
Brian Foster,1526.92,1526.92
Michael Johnson,1526.83,1603.56
Mark Schultz,1526.8,1526.8
Aspen Ladd,1526.55,1566.02
Jennifer Maia,1526.54,1548.01
Lee Murray,1526.54,1526.54
Nora Cornolle,1526.48,1547.02
Azamat Bekoev,1526.45,1526.45
John Makdessi,1526.36,1571.61
Felicia Spencer,1526.28,1531.52
Dmitry Sosnovskiy,1526.23,1526.23
Saidyokub Kakhramonov,1526.18,1547.86
Nate Landwehr,1526.05,1552.79
Evan Dunham,1526.02,1600.32
Jonny Parsons,1525.92,1525.92
Juan Espino,1525.76,1545.45
Ed Herman,1525.75,1582.87
Mark Hall,1525.55,1546.43
Remco Pardoel,1525.48,1552.59
Wanderlei Silva,1525.36,1525.36
Brendan Schaub,1525.33,1569.44
Caio Magalhaes,1525.2,1571.4
Steve Erceg,1525.11,1564.12
Lyman Good,1525.04,1542.23
Jon Hess,1525.0,1525.0
Onassis Parungao,1525.0,1525.0
Sione Latu,1525.0,1525.0
Ryan Loder,1525.0,1525.0
Nathan Fletcher,1525.0,1525.0
Enson Inoue,1525.0,1525.0
Marcelo Mello,1525.0,1525.0
Scott Adams,1525.0,1525.0
Cesar Marscucci,1525.0,1525.0
Tulio Palhares,1525.0,1525.0
Rafael Carino,1525.0,1525.0
Bob Cook,1525.0,1525.0
DongHun Choi,1525.0,1525.0
Shi Ming,1525.0,1525.0
Mairon Santos,1525.0,1525.0
Kazushi Sakuraba,1525.0,1525.0
Aliaskhab Khizriev,1525.0,1525.0
Jonathan Wiezorek,1525.0,1525.0
Justin Martin,1525.0,1525.0
Tom Murphy,1525.0,1525.0
Gerard Gordeau,1525.0,1550.0
Frank Hamaker,1525.0,1525.0
Ramazan Temirov,1524.8,1524.8
Mirsad Bektic,1524.8,1603.16
Kevin Randleman,1524.72,1549.56
Mikey Burnett,1524.67,1525.0
Punahele Soriano,1524.61,1549.1
Ketlen Souza,1524.47,1524.47
Yanal Ashmouz,1524.45,1525.0
Phil Rowe,1524.37,1556.87
Aleksei Oleinik,1524.3,1595.54
Kenichi Yamamoto,1524.21,1543.97
Carlston Harris,1524.1,1571.36
Jacobe Smith,1523.97,1523.97
Maiquel Falcao,1523.96,1523.96
Rodolfo Bellato,1523.94,1523.94
Steve Nelmark,1523.88,1548.2
Tim Credeur,1523.87,1573.2
Thiago Alves,1523.74,1662.66
Ebenezer Fontes Braga,1523.47,1523.47
Elves Brener,1523.47,1568.65
Daniel Zellhuber,1523.45,1544.35
Michael Chandler,1523.27,1544.65
Mansur Abdul-Malik,1523.2,1523.2
Eduarda Moura,1523.18,1523.18
Timur Valiev,1523.14,1540.97
Paul Craig,1523.13,1607.58
Steve Jennum,1523.1,1549.88
Tim Boetsch,1523.1,1593.18
Montana De La Rosa,1523.09,1572.76
CB Dollaway,1523.09,1574.13
Ariane Carnelossi,1523.06,1523.31
Jhonata Diniz,1523.05,1544.98
Sara McMann,1523.03,1550.08
Kevin Jousset,1523.0,1545.19
Sam Patterson,1523.0,1523.0
Joe Solecki,1522.62,1584.01
Brian Stann,1522.49,1572.24
Tom Duquesnoy,1522.42,1525.23
Ronnie Lawrence,1522.19,1543.12
Siyar Bahadurzada,1521.97,1564.85
Steve Bosse,1521.91,1521.91
Melissa Mullins,1521.84,1521.84
Johnny Rhodes,1521.78,1548.2
Kajan Johnson,1521.68,1560.78
Abdul-Kerim Edilov,1521.66,1521.66
Scott Ferrozzo,1521.56,1548.23
Marco Tulio,1521.52,1521.52
Danny Silva,1521.5,1521.5
Da'Mon Blackshear,1521.5,1529.53
Javier Vazquez,1521.45,1521.45
Leslie Smith,1521.4,1521.4
Roy Nelson,1521.24,1600.17
Megan Anderson,1521.19,1533.53
Tyson Pedro,1521.18,1550.25
Brunno Ferreira,1521.17,1548.9
Stephanie Luciano,1521.15,1521.15
Aisling Daly,1521.14,1525.0
Mike Kyle,1521.07,1522.38
Bruno Lopes,1521.07,1521.07
Uros Medic,1520.78,1551.83
Rodrigo Nascimento,1520.75,1561.79
Timothy Johnson,1520.61,1526.31
Wang Guan,1520.51,1520.51
Cameron Smotherman,1520.44,1520.44
Chad Laprise,1520.34,1579.88
Jonathan Pearce,1520.16,1594.94
Adam Wieczorek,1520.07,1541.57
Logan Clark,1520.0,1520.0
Alexander Hernandez,1520.0,1566.65
ChangHo Lee,1520.0,1520.0
SuYoung You,1520.0,1520.0
Lone'er Kavanagh,1520.0,1520.0
Mark Hughes,1520.0,1520.0
Yoshiki Takahashi,1520.0,1520.0
Ben Earwood,1520.0,1520.0
Carlos Felipe,1519.83,1538.88
Jordan Leavitt,1519.78,1548.83
Soa Palelei,1519.72,1549.87
Rei Tsuruya,1519.57,1519.57
Rogerio Nogueira,1519.55,1573.78
Ian Freeman,1519.26,1549.87
Tai Tuivasa,1519.23,1627.95
Nordine Taleb,1519.16,1581.44
Rafael Estevam,1519.13,1519.13
MarQuel Mederos,1518.99,1518.99
Puja Tomar,1518.85,1518.85
Tyrone Roberts,1518.78,1518.78
Cody Haddon,1518.71,1518.71
Wilson Reis,1518.69,1581.75
Robert Peralta,1518.66,1563.11
Jamal Pogues,1518.64,1519.69
Andre Roberts,1518.62,1518.93
Navajo Stirling,1518.56,1518.56
Alexis Davis,1518.09,1563.6
Edmen Shahbazyan,1517.98,1592.91
Din Thomas,1517.97,1565.93
Josh Samman,1517.73,1576.54
Cameron Saaiman,1517.57,1566.19
Terry Etim,1517.55,1576.98
Joselyne Edwards,1517.41,1535.81
Rafa Garcia,1517.4,1534.21
Mizuki,1517.31,1520.39
Ron Waterman,1517.13,1525.0
Angela Hill,1517.12,1535.49
Luis Saldana,1516.93,1518.52
Matt Frevola,1516.89,1564.4
Scott Holtzman,1516.68,1589.39
Tyson Griffin,1516.61,1600.27
Chidi Njokuani,1516.54,1547.89
Aleksei Kunchenko,1516.54,1549.35
Josiane Nunes,1516.54,1561.02
Justin Tafa,1516.46,1536.68
Tom Nolan,1516.4,1516.4
Josefine Knutsson,1516.23,1538.85
Marlon Moraes,1516.05,1606.97
Kiichi Kunimoto,1515.85,1561.52
Ben Nguyen,1515.84,1562.41
Piera Rodriguez,1515.75,1537.5
Manny Bermudez,1515.26,1567.02
Gavin Tucker,1514.96,1567.58
Paddy Holohan,1514.9,1539.36
Ovince Saint Preux,1514.89,1615.32
Rafael Natal,1514.54,1590.44
Sergey Morozov,1514.29,1514.29
Joaquim Silva,1514.25,1565.31
Michael Trizano,1514.23,1540.29
Augusto Sakai,1514.11,1584.28
Muin Gafurov,1513.84,1513.84
Paige VanZant,1513.83,1566.78
Tatsuya Kawajiri,1513.71,1549.07
Billy Quarantillo,1513.71,1572.81
Gaston Bolanos,1513.63,1516.48
Mohammed Usman,1513.58,1557.86
Bea Malecki,1513.56,1541.53
Rich Attonito,1513.52,1543.56
Mike Perry,1513.46,1580.36
Tim Elliott,1513.39,1520.08
Michael Page,1513.3,1526.42
Mauricio Rua,1513.25,1594.62
Alex Garcia,1513.1,1553.34
Elias Silverio,1512.94,1562.83
Niko Price,1512.86,1575.8
Matt Wiman,1512.82,1607.23
Terrance McKinney,1512.5,1549.99
Royston Wee,1512.49,1538.85
Gabriel Gonzaga,1512.48,1592.47
Joanne Wood,1512.47,1540.69
Nate Marquardt,1512.45,1636.91
JeongYeong Lee,1512.27,1538.54
Chris Daukaus,1512.16,1599.19
Paul Kelly,1511.76,1541.98
Julia Avila,1511.46,1539.06
Alessandro Costa,1511.44,1511.44
Liz Carmouche,1511.37,1527.03
Marcio Cruz,1511.13,1555.88
Brad Blackburn,1511.1,1561.42
Ildemar Alcantara,1510.67,1542.28
Keith Hackney,1510.56,1548.2
Steven Siler,1510.42,1581.88
Ramiz Brahimaj,1509.99,1509.99
Gabriella Fernandes,1509.89,1509.89
Dennis Hallman,1509.81,1528.03
Fatima Kline,1509.71,1509.71
Amir Sadollah,1509.56,1561.31
Cung Le,1509.53,1528.68
Takeya Mizugaki,1509.47,1598.8
Tresean Gore,1509.23,1509.23
Falaniko Vitale,1509.15,1531.78
Cody Durden,1509.13,1554.65
Damon Jackson,1509.1,1574.4
Brad Riddell,1509.06,1580.23
Diego Nunes,1508.91,1526.49
Jimi Manuwa,1508.75,1602.57
Gary Goodridge,1508.54,1550.0
Jake O'Brien,1508.33,1561.07
Gan McGee,1507.88,1531.04
Jutaro Nakao,1507.84,1528.12
Josh Thomson,1507.57,1554.54
Paul Buentello,1507.2,1551.81
Viacheslav Borshchev,1507.07,1523.51
Fernando Padilla,1507.06,1527.64
Rony Jason,1506.83,1568.54
Rich Clementi,1506.67,1553.36
Antonio Carvalho,1506.66,1528.18
Dan Christison,1506.64,1523.56
Ronny Markes,1506.61,1563.63
Kendall Grove,1506.59,1565.91
Antoni Hardonk,1506.51,1557.78
Jarjis Danho,1506.21,1506.21
Jason Saggo,1505.89,1547.54
Irina Alekseeva,1505.76,1527.33
Jimmy Crute,1505.72,1576.18
Lavar Johnson,1505.53,1548.7
Song Kenan,1505.5,1562.87
Marc Diakiese,1505.48,1563.42
Xiao Long,1505.41,1505.41
Stefan Struve,1505.32,1629.7
Sedriques Dumas,1505.28,1512.16
Modestas Bukauskas,1505.25,1525.0
Mike Wilkinson,1505.2,1523.96
Trey Ogden,1504.72,1523.87
Erik Koch,1504.68,1544.71
Tomasz Drwal,1504.64,1552.8
Chelsea Chandler,1504.61,1527.25
Michal Oleksiejczuk,1504.56,1569.89
Chance Rencountre,1504.38,1530.4
Tony Kelley,1504.35,1524.83
Yazmin Jauregui,1504.34,1540.24
Kenny Robertson,1504.21,1544.31
TJ Waldburger,1504.21,1552.34
Kaue Fernandes,1504.18,1504.18
Joe Charles,1504.12,1527.47
Melquizael Costa,1504.01,1504.01
Joe Stevenson,1503.82,1600.85
Yana Santos,1503.79,1542.62
Tanner Boser,1503.75,1546.85
Cole Miller,1503.67,1582.65
Troy Mandaloniz,1503.59,1525.0
Ben Askren,1503.58,1535.76
Geza Kalman,1503.47,1503.47
Nick Ring,1503.44,1543.57
Brian Melancon,1503.42,1529.07
Ryan Janes,1503.42,1520.0
Dwayne Cason,1503.21,1525.0
Thomas Petersen,1503.17,1503.17
Andrei Arlovski,1503.15,1703.69
Felipe Bunes,1503.04,1503.04
Julia Polastri,1503.04,1503.04
Karolina Kowalkiewicz,1503.0,1560.88
Billy Ray Goff,1502.99,1523.09
Brandon Vera,1502.89,1594.22
Cheyanne Vlismas,1502.77,1522.84
Dione Barbosa,1502.65,1520.0
Luke Barnatt,1502.62,1568.65
Victor Hugo,1502.57,1520.0
Guangyou Ning,1502.46,1546.36
Valter Walker,1502.36,1502.36
Clint Hester,1502.24,1586.11
Erick Silva,1502.21,1571.66
Mitch Gagnon,1502.2,1568.86
Yancy Medeiros,1502.16,1588.62
Ricardo Abreu,1502.06,1525.0
Dave Beneteau,1502.04,1550.0
Chris Cariaso,1501.93,1563.84
Tedd Williams,1501.85,1523.07
Bruno Silva,1501.83,1584.3
Tai Bowden,1501.8,1501.8
Fredy Serrano,1501.78,1548.28
Brianna Fortino,1501.77,1522.34
Adam Fugitt,1501.7,1503.65
Lance Gibson,1501.67,1525.0
BJ Penn,1501.63,1681.12
Bill Algeo,1501.6,1558.24
Alan Patrick,1501.52,1578.68
Amaury Bitetti,1501.44,1501.44
Buddy Roberts,1501.39,1520.0
Joe Moreira,1501.35,1501.35
Molly McCann,1501.34,1558.51
Nick Sanzo,1501.33,1525.0
John Lewis,1501.33,1525.0
Jamey-Lyn Horth,1501.2,1520.0
Ernesta Kareckaite,1501.15,1501.15
Jesus Pinedo,1501.14,1519.2
Junie Browning,1501.13,1525.0
Jose Torres,1501.12,1524.95
Bruna Brasil,1501.11,1501.11
Mirko Filipovic,1501.1,1537.72
Dan Cramer,1501.0,1519.9
Lance Benoist,1500.99,1522.76
Joe Duffy,1500.97,1571.84
Semmy Schilt,1500.96,1527.56
Serhiy Sidey,1500.94,1500.94
Eddie Yagin,1500.92,1500.92
Nicco Montano,1500.91,1518.85
Mike van Arsdale,1500.83,1543.56
Shinsho Anzai,1500.78,1522.74
Kyle Nelson,1500.77,1521.74
Guram Kutateladze,1500.7,1520.0
Galore Bofando,1500.65,1523.2
James Wilks,1500.64,1525.0
Diego Rivas,1500.62,1544.66
Wesley Correira,1500.54,1524.65
Jose Quinonez,1500.47,1563.33
Ramon Taveras,1500.41,1520.0
Patrick Walsh,1500.28,1520.0
Brad Kohler,1500.12,1500.12
Jack Nilson,1500.12,1500.12
Chris Clements,1500.07,1518.85
Sai Wang,1500.07,1500.07
Montserrat Rendon,1500.06,1521.28
Antonina Shevchenko,1500.03,1529.12
Orlando Wiet,1500.0,1525.0
Steven Graham,1500.0,1525.0
Roman Mitichyan,1500.0,1525.0
Todd Medina,1500.0,1525.0
Ron Faircloth,1500.0,1500.0
Mackens Semerzier,1500.0,1525.0
Nate Loughran,1500.0,1525.0
Alfonso Alcarez,1500.0,1500.0
Hamdy Abdelwahab,1500.0,1500.0
Mark Robinson,1500.0,1500.0
Anthony Torres,1500.0,1525.0
Pedro Nobre,1500.0,1500.0
Robert Drysdale,1500.0,1500.0
DeAnna Bennett,1500.0,1500.0
Joe Slick,1499.98,1526.91
Sultan Aliev,1499.95,1499.95
Tony Gravely,1499.94,1542.03
Shauna Bannon,1499.72,1499.72
Kevin Jackson,1499.71,1550.0
Keith Rockel,1499.69,1499.69
Jason DeLucia,1499.62,1548.2
Sam Hughes,1499.59,1499.59
Katsuhisa Fujii,1499.53,1525.0
CJ Fernandes,1499.42,1499.42
Viviane Pereira,1499.36,1540.48
Loik Radzhabov,1499.35,1520.36
Evan Elder,1499.29,1499.29
Dan Bobish,1499.26,1524.34
Sirwan Kakai,1499.17,1517.69
Lucas Almeida,1499.12,1526.14
Ian Heinisch,1499.11,1549.79
Nah-Shon Burrell,1499.1,1520.0
Zak Ottow,1498.99,1526.83
Travis Fulton,1498.91,1498.91
David Dvorak,1498.88,1560.72
Talita Alencar,1498.85,1520.0
Mike Nickels,1498.84,1525.0
Tony Fryklund,1498.83,1525.0
Andrei Semenov,1498.69,1525.52
Ange Loosa,1498.67,1517.98
Levan Makashvili,1498.65,1519.72
Mike Ciesnolevicz,1498.45,1525.0
Hunter Azure,1498.4,1520.85
Scott Morris,1498.33,1525.0
Nick Denis,1498.33,1523.2
Melissa Martinez,1498.31,1498.31
Scott Bessac,1498.26,1525.0
Nick Thompson,1498.25,1520.0
Miguel Torres,1498.23,1520.23
Roberto Traven,1498.2,1525.0
War Machine,1498.2,1525.0
Anying Wang,1498.2,1525.0
Jonathan Meunier,1498.19,1498.19
Trevor Prangley,1498.09,1542.26
Ariane da Silva,1497.96,1537.91
Justin McCully,1497.77,1521.44
Abubakar Nurmagomedov,1497.75,1512.21
Shane Nelson,1497.75,1542.14
Antonio Rodrigo Nogueira,1497.74,1563.4
Hector Sandoval,1497.72,1524.08
Eddie Sanchez,1497.63,1546.65
Brock Larson,1497.63,1549.2
Naoki Inoue,1497.53,1520.0
Dongi Yang,1497.53,1506.64
Paul Jones,1497.52,1525.0
Magomed Gadzhiyasulov,1497.49,1518.56
Darren Uyenoyama,1497.43,1542.49
Veronica Hardy,1497.36,1518.28
Danny Castillo,1497.3,1575.96
Chris Kelades,1497.3,1521.46
Sijara Eubanks,1497.21,1537.56
Carlos Newton,1497.13,1538.83
Gokhan Saki,1497.11,1523.11
Reza Madadi,1497.01,1534.23
Daria Zhelezniakova,1496.99,1521.22
Waylon Lowe,1496.99,1517.69
Francis Marshall,1496.99,1521.73
Azat Maksum,1496.95,1520.05
Godofredo Pepey,1496.87,1538.6
Pascal Krauss,1496.84,1521.49
Tereza Bleda,1496.72,1496.72
Benji Radach,1496.69,1520.0
Jesse Taylor,1496.55,1496.55
Dustin Hazelett,1496.46,1573.42
Da Woon Jung,1496.43,1589.61
John Gunther,1496.39,1520.0
Roan Carneiro,1496.35,1525.94
Jimy Hettes,1496.3,1544.07
Spencer Fisher,1496.09,1596.9
Luke Jumeau,1495.99,1518.48
Benardo Sopaj,1495.97,1495.97
Albert Duraev,1495.88,1518.66
Jarred Brooks,1495.86,1518.85
Ken Stone,1495.7,1520.37
Zhang Lipeng,1495.5,1538.85
Nicholas Musoke,1495.39,1543.64
Shamil Gamzatov,1495.35,1520.23
Mounir Lazzez,1495.27,1524.23
Igor Araujo,1495.25,1541.13
Alex Oliveira,1495.2,1637.51
Francisco Figueiredo,1495.13,1518.54
Armen Petrosyan,1495.13,1541.37
Nick Maximov,1495.07,1540.6
Danny Henry,1494.98,1543.56
Pablo Garza,1494.97,1548.2
Jordan Rinaldi,1494.93,1510.83
Kyle Watson,1494.9,1520.0
Bryan Barberena,1494.82,1582.87
Sam Adkins,1494.81,1525.0
Mana Martinez,1494.68,1517.16
Bolaji Oki,1494.63,1520.0
David Loiseau,1494.63,1581.0
Carlos Hernandez,1494.44,1520.0
Paul Varelans,1494.43,1549.99
Eliot Marshall,1494.35,1562.21
Nad Narimani,1494.24,1538.85
Damir Hadzovic,1494.11,1538.75
Roland Delorme,1493.98,1566.71
Kevin Ferguson,1493.94,1518.47
Daniel Barez,1493.89,1493.89
Wang Cong,1493.82,1521.66
Impa Kasanganay,1493.82,1518.79
Fabio Maldonado,1493.81,1530.74
Maryna Moroz,1493.8,1563.11
Zachary Reese,1493.73,1520.18
Anshul Jubli,1493.71,1525.0
Nick Catone,1493.7,1525.0
Blagoy Ivanov,1493.7,1535.29
Joe Ellenberger,1493.56,1520.0
Dave Strasser,1493.56,1520.0
Leah Letson,1493.55,1520.0
Rory Singer,1493.55,1542.14
Jai Herbert,1493.47,1493.47
Tsuyoshi Kohsaka,1493.46,1540.56
Natan Levy,1493.44,1516.44
Pingyuan Liu,1493.39,1538.05
Benito Lopez,1493.32,1518.99
Mike Pyle,1493.29,1609.02
Don'Tale Mayes,1493.15,1513.46
Vitor Miranda,1493.06,1558.34
Jeremy Stephens,1492.89,1601.39
Thomas Almeida,1492.65,1585.09
Akihiro Gono,1492.58,1526.8
Shonie Carter,1492.53,1561.07
Rob Emerson,1492.21,1543.24
Cory McKenna,1492.19,1541.72
Jon Tuck,1491.81,1528.72
Brad Katona,1491.64,1538.4
Jason Knight,1491.53,1576.42
David Branch,1491.52,1540.29
Leandro Silva,1491.5,1527.91
Cat Zingano,1491.42,1551.65
Paul Taylor,1491.39,1525.0
Devonte Smith,1491.37,1548.88
Aleksandra Albu,1491.22,1540.03
Tiago dos Santos e Silva,1491.02,1520.0
Valerie Letourneau,1491.02,1556.79
Ian McCall,1491.02,1507.82
Ivan Jorge,1490.97,1516.44
Mark Godbeer,1490.81,1517.04
Noad Lahat,1490.68,1515.34
Joe Proctor,1490.5,1547.51
Makwan Amirkhani,1490.35,1582.92
Cody Stamann,1490.26,1584.25
Francisco Prado,1489.9,1508.96
Leandro Issa,1489.77,1527.24
Francimar Barroso,1489.68,1537.14
Peter Sobotta,1489.63,1525.87
Yuta Sasaki,1489.46,1526.47
Ramsey Nijem,1489.32,1541.0
Jason Lambert,1488.97,1568.29
Junior Tafa,1488.93,1508.22
Tarec Saffiedine,1488.74,1528.91
Jason High,1488.68,1506.94
Fabiano Iha,1488.62,1539.54
Chris Leben,1488.45,1597.37
Hugo Viana,1488.39,1544.02
Marcelo Guimaraes,1488.37,1518.56
Tim Means,1488.26,1590.33
Maurice Greene,1488.23,1562.84
Kyle Noke,1488.18,1573.33
Cody Brundage,1488.13,1529.32
Glaico Franca Moreira,1488.04,1525.0
Maxim Grishin,1487.8,1507.71
Jeremy Horn,1487.74,1557.31
Luigi Fioravanti,1487.71,1532.8
Raulian Paiva,1487.71,1529.65
Brian Bowles,1487.68,1544.71
Daniel Roberts,1487.65,1547.5
Nick Osipczak,1487.52,1552.37
Elise Reed,1487.23,1497.45
Jake Hadley,1487.16,1527.27
Roman Bogatov,1487.11,1487.11
Tony DeSouza,1487.08,1543.56
Kai Asakura,1487.02,1487.02
Bojan Velickovic,1486.98,1524.91
Ryan Jimmo,1486.96,1529.87
Carlos Eduardo Rocha,1486.9,1523.2
Danny Roberts,1486.89,1556.28
Akira Corassani,1486.76,1558.96
Danilo Marques,1486.76,1539.01
Court McGee,1486.66,1563.71
Rob Broughton,1486.4,1525.0
Ron van Clief,1486.36,1486.36
Stephanie Egger,1486.24,1533.37
Felipe Arantes,1486.21,1549.38
Bartosz Fabinski,1486.2,1558.27
John Cholish,1486.18,1525.0
Luana Pinheiro,1486.13,1552.21
Zach Makovsky,1486.08,1539.93
Warlley Alves,1486.05,1595.99
John Maguire,1486.05,1545.59
Daniel Omielanczuk,1485.93,1550.17
Jonathan Goulet,1485.82,1523.94
Gabe Green,1485.67,1527.54
Luke Cummo,1485.66,1528.36
Tamdan McCrory,1485.62,1531.54
Bekzat Almakhan,1485.54,1485.54
Ion Cutelaba,1485.46,1542.61
Jake Rosholt,1485.44,1509.03
Felipe dos Santos,1485.38,1503.34
Walt Harris,1485.38,1547.42
Renzo Gracie,1485.37,1485.37
John Howard,1485.31,1580.8
Mickael Lebout,1485.31,1502.9
Carlos Leal,1485.25,1485.25
Livinha Souza,1485.2,1540.83
Yoshiyuki Yoshida,1485.05,1530.73
Chris Haseman,1485.05,1485.05
Steve Bruno,1484.91,1503.99
Viktoriia Dudakova,1484.9,1535.38
Edgar Chairez,1484.84,1503.36
Gustavo Lopez,1484.79,1507.49
Josh Culibao,1484.78,1543.36
Tristan Connelly,1484.77,1521.57
Vernon White,1484.71,1500.57
Neil Seery,1484.67,1526.22
Jeff Joslin,1484.64,1484.64
Bassil Hafez,1484.62,1507.44
Renan Barao,1484.53,1648.62
James Toney,1484.52,1484.52
Aoriqileng,1484.49,1505.62
Alexander Munoz,1484.46,1484.46
Robert Whiteford,1484.21,1521.81
Dan Miller,1484.18,1566.9
Irwin Rivera,1484.14,1503.18
Mike Ricci,1484.05,1500.0
Jess Liaudin,1484.03,1550.0
Riki Fukuda,1484.02,1500.87
Ivan Menjivar,1483.96,1554.8
Tony Sims,1483.94,1525.0
Heath Herring,1483.93,1505.32
Bruno Santos,1483.87,1502.58
Maximo Blanco,1483.85,1532.59
Cynthia Calvillo,1483.84,1598.98
Spike Carlyle,1483.84,1525.0
Miguel Baeza,1483.82,1576.36
Antonio Braga Neto,1483.76,1525.0
Nick Pace,1483.72,1525.0
Klidson Abreu,1483.71,1503.94
KJ Noons,1483.68,1535.92
Andrew Sanchez,1483.65,1540.28
Jorge Patino,1483.65,1483.65
Greg Hardy,1483.63,1555.82
Augusto Mendes,1483.57,1500.46
Shayilan Nuerdanbieke,1483.56,1538.08
Kimo Leopoldo,1483.44,1503.05
Jason Day,1483.32,1527.51
Chris Barnett,1483.17,1507.12
Roberto Romero,1483.11,1483.11
Curt Warburton,1483.09,1503.7
Valmir Lazaro,1483.07,1503.11
Tae Hyun Bang,1483.06,1506.44
Gil Castillo,1482.96,1502.15
Abdul Razak Alhassan,1482.95,1574.69
Michinori Tanaka,1482.91,1522.46
Marco Beltran,1482.82,1564.96
Felice Herrig,1482.79,1583.79
Jamall Emmers,1482.61,1505.92
Sam Hoger,1482.54,1522.87
Azunna Anyanwu,1482.49,1482.49
Caolan Loughran,1482.47,1503.44
Westin Wilson,1482.41,1482.41
Carlos Vera,1482.36,1482.36
Austin Bashi,1482.34,1482.34
Zachary Scroggin,1482.33,1482.33
Yuki Kondo,1482.22,1525.0
Pannie Kianzad,1482.21,1542.15
Jamie Mullarkey,1482.21,1535.85
Robert McDaniel,1482.18,1525.0
Masanori Kanehara,1482.15,1521.47
Daichi Abe,1482.14,1520.08
Gabriel Santos,1482.13,1484.24
Frankie Saenz,1482.08,1561.96
John Gunderson,1482.07,1500.07
Marcel Fortuna,1482.04,1523.72
Tom Gallicchio,1482.02,1482.02
Luan Chagas,1481.77,1504.0
Jake Hecht,1481.65,1527.97
Cindy Dandois,1481.58,1481.58
Yuki Sasaki,1481.51,1481.51
Mike Easton,1481.51,1564.08
Batgerel Danaa,1481.47,1547.45
Nikolay Veretennikov,1481.44,1481.44
Mason Jones,1481.44,1501.48
Joao Roque,1481.44,1481.44
John Marsh,1481.44,1481.44
Josh Shockman,1481.44,1481.44
Mike Whitehead,1481.44,1481.44
Dustin Kimura,1481.42,1526.36
Ivan Salaverry,1481.36,1559.2
Renato Verissimo,1481.35,1521.05
Ravena Oliveira,1481.35,1481.35
Clay Guida,1481.33,1608.39
Hyun Gyu Lim,1481.25,1550.98
Danyelle Wolf,1481.19,1481.19
Zviad Lazishvili,1481.17,1481.17
Kalib Starnes,1481.17,1525.0
Mitch Raposo,1481.15,1481.15
Adrian Serrano,1481.15,1481.15
Caros Fodor,1481.11,1481.11
Trevor Peek,1481.03,1521.94
Greg Soto,1480.97,1504.58
Luiz Cane,1480.95,1552.52
Keith Jardine,1480.85,1568.14
Cyrille Diabate,1480.82,1533.35
Tyson Nam,1480.82,1525.4
Eddie Ruiz,1480.76,1480.76
Robelis Despaigne,1480.75,1521.82
Julian Sanchez,1480.72,1480.72
Andre Pederneiras,1480.69,1480.69
Brad Gumm,1480.58,1480.58
Joe Merritt,1480.42,1480.42
Jonathan Brookins,1480.4,1525.85
Antonio McKee,1480.36,1480.36
Carlo Prater,1480.36,1521.44
Minoki Ichihara,1480.31,1480.31
Denis Kang,1480.19,1498.28
Jeff Hougland,1480.18,1520.0
John Lober,1480.17,1480.17
Charles McCarthy,1480.16,1500.36
Ivana Petrovic,1480.07,1500.24
Melinda Fabian,1480.06,1500.0
Jose Daniel Medina,1480.01,1480.01
Heather Clark,1480.01,1520.0
Chris Tickle,1480.0,1480.0
Baergeng Jieleyisi,1480.0,1480.0
Alex Stiebling,1480.0,1480.0
Dan Barrera,1480.0,1480.0
Pedro Falcao,1480.0,1480.0
Jose Ochoa,1480.0,1480.0
Bobby Southworth,1480.0,1480.0
Rocky Lee,1480.0,1480.0
Justin Wren,1480.0,1480.0
Wallid Ismail,1480.0,1480.0
Igor Severino,1480.0,1480.0
Noe Hernandez,1480.0,1480.0
Allan Goes,1480.0,1480.0
Nazareno Malegarie,1480.0,1480.0
James Hammortree,1480.0,1480.0
Alex Torres,1480.0,1480.0
Antonio Banuelos,1480.0,1480.0
James Mulheron,1480.0,1480.0
Nick Serra,1480.0,1480.0
John Teixeira,1480.0,1480.0
Dante Rivera,1480.0,1480.0
Joe Giannetti,1480.0,1480.0
Tyler Diamond,1480.0,1480.0
Allan Zuniga,1480.0,1480.0
Jay Cucciniello,1480.0,1480.0
Alex Gorgees,1480.0,1480.0
James Zikic,1480.0,1480.0
Chris Spang,1480.0,1480.0
Steve Byrnes,1480.0,1480.0
Ryan McGillivray,1480.0,1480.0
Peggy Morgan,1480.0,1480.0
Dave Galera,1480.0,1480.0
Brendan Loughnane,1480.0,1480.0
Jon Manley,1480.0,1480.0
Richard Crunkilton,1480.0,1480.0
Fabio Gurgel,1480.0,1480.0
Romie Aram,1480.0,1480.0
Hailey Cowan,1480.0,1480.0
Chuck O'Neil,1480.0,1480.0
Stephen Bass,1480.0,1480.0
Keith Berish,1480.0,1480.0
Rodolfo Rubio Perez,1480.0,1480.0
Mark Scanlon,1480.0,1480.0
Tyler Toner,1480.0,1480.0
Abner Lloveras,1480.0,1480.0
Marcin Wrzosek,1480.0,1480.0
Daniel Spohn,1480.0,1480.0
Jianping Yang,1480.0,1480.0
Tina Lahdemaki,1480.0,1480.0
Collin Hart,1480.0,1480.0
Cory Hendricks,1480.0,1480.0
Sako Chivitchian,1480.0,1480.0
Roger Gracie,1480.0,1480.0
Cole Smith,1479.92,1521.35
Joe Soto,1479.9,1526.03
Willamy Freire,1479.86,1479.86
Cody Gibson,1479.84,1508.1
Satoshi Honma,1479.83,1479.83
Matt Veach,1479.81,1524.65
Simeon Thoresen,1479.76,1525.0
Carlos Mota,1479.74,1479.74
Rameau Thierry Sokoudjou,1479.71,1504.44
Mads Burnell,1479.71,1500.28
James Te Huna,1479.66,1580.85
Cortavious Romious,1479.61,1479.61
Rory Markham,1479.51,1525.0
Joseph Morales,1479.5,1525.0
Parker Porter,1479.47,1531.65
Josh Hendricks,1479.4,1479.4
Shamil Abdurakhimov,1479.4,1569.24
Daron Cruickshank,1479.31,1561.5
Alexandre Barros,1479.3,1479.3
Adam Yandiev,1479.3,1479.3
Lewis Gonzalez,1479.28,1479.28
Niklas Backstrom,1479.26,1526.66
Marco Polo Reyes,1479.23,1562.42
Chico Camus,1479.2,1518.88
Emily Ducote,1479.19,1520.18
Junior Assuncao,1479.03,1498.37
Maciej Jewtuszko,1479.0,1479.0
Angel Pacheco,1478.99,1478.99
Sheymon Moraes,1478.97,1520.65
Augusto Montano,1478.95,1523.38
Hector Urbina,1478.91,1521.92
Carlos Barreto,1478.9,1478.9
Cristian Quinonez,1478.9,1522.85
Milton Vieira,1478.88,1500.03
Alex Andrade,1478.87,1478.87
Shannon Gugerty,1478.86,1525.12
Yuri Vaulin,1478.86,1478.86
Nicolle Caliari,1478.85,1478.85
Danielle Taylor,1478.85,1519.86
Chris Gruetzemacher,1478.83,1520.0
Jordan Vucenic,1478.82,1478.82
Nissen Osterneck,1478.8,1478.8
Anthony Macias,1478.77,1501.8
Khusein Askhabov,1478.77,1478.77
Paul Creighton,1478.74,1478.74
Trevin Giles,1478.7,1568.51
Guilherme Vasconcelos,1478.67,1478.67
Sheldon Westcott,1478.66,1478.66
Chris Brennan,1478.57,1525.0
Matt Lucas,1478.57,1478.57
Dean Barry,1478.56,1478.56
Phil Hawes,1478.47,1562.39
Robert Sanchez,1478.45,1499.92
Greg Stott,1478.45,1478.45
Jimmy Flick,1478.45,1525.09
Nyamjargal Tumendemberel,1478.44,1478.44
Maheshate,1478.43,1525.48
Lara Procopio,1478.41,1501.83
Chris Camozzi,1478.38,1579.42
Homer Moore,1478.37,1478.37
Jason Brilz,1478.33,1543.37
Steve Vigneault,1478.32,1478.32
Matt Arroyo,1478.3,1525.0
Ben Alloway,1478.3,1525.0
Per Eklund,1478.29,1503.55
Marcus Brimage,1478.14,1558.95
Rex Holman,1478.12,1478.12
Nick Hein,1478.09,1556.94
Rogerio Bontorin,1478.08,1542.04
Rolando Delgado,1478.04,1525.0
AJ Cunningham,1478.0,1478.0
Hayato Sakurai,1477.94,1477.94
Ivan Erslan,1477.9,1477.9
Hacran Dias,1477.89,1534.97
Liliya Shakirova,1477.86,1477.86
Alexandre Ferreira,1477.85,1477.85
Isabela de Padua,1477.82,1477.82
Robert Bryczek,1477.78,1477.78
John Salter,1477.74,1502.37
Henry Martinez,1477.73,1501.39
Jason Von Flue,1477.7,1524.74
Carli Judice,1477.69,1477.69
Steven Nguyen,1477.63,1477.63
Ian Loveland,1477.58,1520.0
Mitch Ramirez,1477.58,1477.58
Ian Entwistle,1477.57,1501.8
Rudyard Moncayo,1477.56,1477.56
Mike Wessel,1477.53,1477.53
Cal Worsham,1477.52,1500.0
Gilbert Urbina,1477.5,1501.34
Geraldo de Freitas,1477.48,1520.0
Katsunori Kikuno,1477.45,1522.58
Yan Cabral,1477.44,1519.24
Brandon Melendez,1477.38,1477.38
Adam Milstead,1477.38,1523.12
Nick Agallar,1477.33,1477.33
Pawel Pawlak,1477.32,1496.69
Mark Hominick,1477.27,1569.87
Billy Elekana,1477.25,1477.25
David Bielkheden,1477.14,1502.37
Ryan Parker,1477.13,1477.13
Hugo Duarte,1477.11,1477.11
Askar Mozharov,1477.1,1477.1
Toshiomi Kazama,1477.09,1477.09
Igor Zinoviev,1477.05,1477.05
Bibulatov Magomed,1477.03,1521.08
Jesse Lennox,1477.0,1525.0
Melton Bowen,1476.92,1476.92
Neil Wain,1476.91,1476.91
Jim Mullen,1476.8,1476.8
John Dowdy,1476.8,1476.8
Scott Baker,1476.8,1476.8
Frank Caracci,1476.8,1476.8
CM Punk,1476.8,1476.8
Fred Ettish,1476.8,1476.8
Matthew Semelsberger,1476.8,1569.48
Marcus Bossett,1476.8,1525.0
Brian Gassaway,1476.8,1476.8
Joe Son,1476.8,1476.8
Ozzy Diaz,1476.8,1476.8
Brendson Ribeiro,1476.76,1476.76
Reginaldo Vieira,1476.75,1520.0
Austin Springer,1476.73,1476.73
Lucas Rocha,1476.68,1476.68
Rob MacDonald,1476.67,1501.8
Keiichiro Yamamiya,1476.67,1476.67
Martin Sano,1476.66,1476.66
Koji Kitao,1476.66,1476.66
Rodrigo Damm,1476.61,1542.3
Andrew Craig,1476.54,1547.93
Anton Kuivanen,1476.53,1499.71
Shamar Bailey,1476.52,1520.0
Rafael Cerqueira,1476.48,1476.48
Stewart Nicoll,1476.46,1476.46
Rainy Martinez,1476.44,1476.44
Paul Rodriguez,1476.44,1476.44
Bill Mahood,1476.44,1476.44
Christian Wellisch,1476.42,1521.94
Eduardo Garagorri,1476.39,1518.85
Marcelo Aguiar,1476.34,1476.34
Juliana Lima,1476.32,1521.08
James Head,1476.31,1526.76
Jamie Moyle,1476.27,1517.38
Sung Bin Jo,1476.26,1476.26
Drew McFedries,1476.24,1525.68
Chad Anheliger,1476.2,1523.35
Jesse Bongfeldt,1476.16,1499.47
Sarah Kaufman,1476.15,1520.0
Yoshinori Horie,1476.14,1476.14
Phil Johns,1476.13,1476.13
Blake Bilder,1476.09,1518.84
Christian Aguilera,1476.06,1525.0
Cody McKenzie,1476.01,1525.0
Darren Stewart,1475.92,1539.09
Seth Baczynski,1475.91,1575.75
Roger Narvaez,1475.89,1497.59
Kamuela Kirk,1475.87,1523.35
Pete Rodriguez,1475.86,1501.54
Ben Sosoli,1475.85,1475.85
Danny Chavez,1475.77,1518.42
Mandy Bohm,1475.76,1478.0
Nick Roehrick,1475.74,1475.74
Dustin Stoltzfus,1475.59,1479.04
Juliana Miller,1475.58,1525.0
Matt Schnell,1475.57,1550.55
Austen Lane,1475.55,1475.9
Garrett Armfield,1475.48,1521.11
Joe Jordan,1475.46,1475.46
Reza Nasri,1475.46,1475.46
Brian Cobb,1475.46,1475.46
Cyril Asker,1475.39,1498.64
Matt Hobar,1475.31,1494.21
Nathan Coy,1475.29,1495.36
Ryan Roberts,1475.29,1475.29
Kit Cope,1475.26,1475.26
Luis Pajuelo,1475.21,1475.21
Francisco Trevino,1475.19,1518.58
Branden Lee Hinkle,1475.14,1525.0
Dale Hartt,1475.14,1501.43
Derrick Noble,1475.13,1475.13
Will Chope,1475.11,1475.11
Jesse Sanders,1475.08,1475.08
Floyd Sword,1475.08,1475.08
Felipe Silva,1475.05,1522.01
Gabriel Miranda,1475.03,1499.55
Roland Payne,1475.0,1475.0
Teila Tuli,1475.0,1475.0
Wagner Campos,1475.0,1475.0
Marcos Vinicius,1475.0,1525.0
Anistavio Medeiros,1475.0,1475.0
Emmanuel Yarborough,1475.0,1475.0
Izabela Badurek,1475.0,1475.0
Andy Wang,1475.0,1475.0
Shane Primm,1475.0,1475.0
Steven Koslow,1475.0,1475.0
Icho Larenas,1475.0,1475.0
John Polakowski,1475.0,1475.0
Tom Egan,1475.0,1475.0
Manolo Zecchini,1475.0,1475.0
Tony Halme,1475.0,1475.0
Dmitri Stepanov,1475.0,1475.0
Donnie Chappell,1475.0,1475.0
Aaron Brink,1475.0,1475.0
Jules Bruchez,1475.0,1475.0
Dustin Neace,1475.0,1475.0
Eugenio Tadeu,1475.0,1475.0
Martin Svensson,1475.0,1475.0
Jack McGlaughlin,1475.0,1475.0
Ernie Verdicia,1475.0,1475.0
Wes Albritton,1475.0,1475.0
Leigh Remedios,1475.0,1475.0
Andy Anderson,1475.0,1475.0
Richie Hightower,1475.0,1475.0
Rolles Gracie,1475.0,1475.0
Alex Schoenauer,1475.0,1475.0
Marcus Jones,1475.0,1475.0
Darrill Schoonover,1475.0,1475.0
Lodune Sincaid,1475.0,1475.0
Chris Sanford,1475.0,1475.0
Bentley Syler,1475.0,1475.0
Jason Thacker,1475.0,1475.0
Josh Rafferty,1475.0,1475.0
Dorian Price,1475.0,1475.0
Art Jimmerson,1475.0,1475.0
Wade Shipp,1475.0,1475.0
Flavio Luiz Moura,1475.0,1475.0
David Roberts,1475.0,1475.0
Jason Fairn,1475.0,1475.0
James Giboo,1475.0,1475.0
David Levicki,1475.0,1475.0
Gerald Strebendt,1475.0,1475.0
Chris Saunders,1475.0,1475.0
Kevin Rosier,1475.0,1525.0
Sean Daugherty,1475.0,1475.0
John Kolosci,1475.0,1475.0
Cale Yarbrough,1475.0,1475.0
Justin James,1475.0,1475.0
Francesco Maturi,1475.0,1475.0
Delson Heleno,1475.0,1475.0
Karine Gevorgyan,1475.0,1475.0
Ariel Beck,1475.0,1475.0
Bharat Kandare,1475.0,1475.0
Christina Marks,1475.0,1475.0
Mario Neto,1475.0,1475.0
Kristof Midoux,1475.0,1475.0
Kiru Sahota,1475.0,1475.0
Cory Walmsley,1475.0,1475.0
Maia Stevenson,1475.0,1475.0
Lowell Anderson,1475.0,1475.0
Josh Stuart,1475.0,1475.0
Marcus Silveira,1475.0,1475.0
Joe Pardo,1475.0,1475.0
Courtney Turner,1475.0,1475.0
Kerry Schall,1475.0,1475.0
Aaron Wilkinson,1475.0,1475.0
Thomas Ramirez,1475.0,1475.0
Keith Mielke,1475.0,1475.0
Darrel Gholar,1475.0,1475.0
Matt Andersen,1475.0,1475.0
Paul Herrera,1475.0,1475.0
David Velasquez,1475.0,1475.0
Mike King,1475.0,1475.0
Masutatsu Yano,1475.0,1475.0
Jermaine Andre,1475.0,1475.0
Gilbert Smith,1475.0,1475.0
Sherman Pendergarst,1475.0,1475.0
Adam Cella,1475.0,1475.0
Duda Santana,1475.0,1475.0
Nandor Guelmino,1475.0,1475.0
Eric Martin,1475.0,1475.0
Jackie Lee,1475.0,1475.0
Derek Downey,1475.0,1475.0
Frank Lester,1475.0,1475.0
Tim McKenzie,1475.0,1475.0
Neil Grove,1475.0,1475.0
Jamie Yager,1475.0,1475.0
Adriano Santos,1475.0,1475.0
Bruno Korea,1475.0,1475.0
Josh Bryant,1475.0,1475.0
Vernon Ramos Ho,1475.0,1475.0
Bob Gilstrap,1475.0,1475.0
Paulo Santos,1475.0,1475.0
Joey Roberts,1475.0,1475.0
Dave Berry,1475.0,1475.0
Manuel Rodriguez,1475.0,1475.0
Keigo Kunihara,1475.0,1475.0
Sean Gannon,1475.0,1475.0
Jimmy Quinlan,1475.0,1475.0
Scott Fiedler,1475.0,1475.0
Danillo Villefort,1475.0,1475.0
Joey Gilbert,1475.0,1475.0
Justin Frazier,1475.0,1475.0
Rodrigo Ruas,1475.0,1475.0
Zach Light,1475.0,1475.0
Michel Batista,1475.0,1475.0
Chris Condo,1475.0,1475.0
Humberto Brown Morrison,1475.0,1475.0
David Baron,1475.0,1475.0
Robert Lucarelli,1475.0,1475.0
Robert Valentin,1475.0,1475.0
SeungGuk Choi,1475.0,1475.0
Vinicius Queiroz,1475.0,1475.0
Fredson Paixao,1475.0,1475.0
Jared Rollins,1475.0,1475.0
Billy Miles,1475.0,1475.0
Asbel Cancio,1475.0,1475.0
Albert Cheng,1475.0,1475.0
Alberta Cerra Leon,1475.0,1475.0
Zygimantas Ramaska,1475.0,1475.0
Thaddeus Luster,1475.0,1475.0
Kaan Ofli,1475.0,1475.0
John Matua,1475.0,1475.0
Eldo Xavier Dias,1475.0,1475.0
David Hood,1475.0,1475.0
Gerry Harris,1475.0,1475.0
Todd Butler,1475.0,1475.0
Richie Smullen,1475.0,1475.0
Houston Dorr,1475.0,1475.0
Feng Xiaocan,1475.0,1475.0
Kelly Dullanty,1474.93,1474.93
Anthony Njokuani,1474.9,1513.17
Austin Lingo,1474.89,1520.79
Pete Spratt,1474.88,1527.04
John Campetella,1474.87,1474.87
Issei Tamura,1474.87,1525.22
Jeff Newton,1474.84,1474.84
Stevie Lynch,1474.82,1474.82
Ron Stallings,1474.8,1496.16
Emil Meek,1474.79,1522.1
Klaudia Sygula,1474.76,1474.76
Carlo Pedersoli Jr.,1474.76,1519.26
Scott Junk,1474.76,1474.76
Rick Davis,1474.73,1474.73
Keita Nakamura,1474.72,1495.68
Ryan Madigan,1474.71,1474.71
Allen Crowder,1474.68,1497.79
Sean McCorkle,1474.66,1525.0
Abdul-Kareem Al-Selwady,1474.64,1474.64
Yui Chul Nam,1474.64,1519.99
Kanako Murata,1474.6,1518.12
Misha Cirkunov,1474.6,1597.04
Kevin Burns,1474.58,1551.21
Jim Alers,1474.54,1520.0
Mark Weir,1474.39,1524.68
Marcus Aurelio,1474.31,1528.8
Roosevelt Roberts,1474.16,1564.88
Masio Fullen,1474.13,1520.0
David Michaud,1474.0,1498.56
Manvel Gamburyan,1474.0,1524.63
Ronald Jhun,1473.98,1473.98
Solomon Hutcherson,1473.9,1473.9
Max Rohskopf,1473.89,1473.89
Stanislav Nedkov,1473.84,1526.81
William Knight,1473.81,1547.17
Goran Reljic,1473.76,1530.53
Allen Berube,1473.74,1473.74
Jerrod Sanders,1473.72,1496.57
Matthew Lopez,1473.71,1530.65
Andre Ewell,1473.7,1538.88
Joshua Weems,1473.69,1473.69
Eddie Mendez,1473.67,1473.67
Charlie Valencia,1473.59,1473.59
Tony Petarra,1473.58,1473.58
Bubba Bush,1473.56,1473.56
Braxton Smith,1473.55,1473.55
Shunichi Shimizu,1473.53,1473.53
Callan Potter,1473.52,1495.24
Aaron Rosa,1473.48,1496.53
Filip Pejic,1473.48,1473.48
James Moontasri,1473.36,1510.1
Luke Zachrich,1473.36,1498.23
Brian Geraghty,1473.33,1473.33
Dieusel Berto,1473.33,1473.33
Harold Howard,1473.33,1525.0
Ivan Serati,1473.33,1473.33
James McSweeney,1473.33,1525.0
Ray Wizard,1473.2,1473.2
Nate Schroeder,1473.2,1473.2
Roger Zapata,1473.2,1473.2
He-Man Gipson,1473.2,1473.2
Kristian Rothaermel,1473.2,1473.2
Sean Alvarez,1473.2,1473.2
Jeka Saragih,1473.13,1501.53
Paul Georgieff,1473.08,1473.08
Ernest Chavez,1473.08,1520.0
Saeed Hosseini,1473.08,1473.08
Justin Lawrence,1473.06,1525.0
Chris Liguori,1473.04,1473.04
David Heath,1473.0,1543.56
Sabina Mazo,1472.93,1547.48
James Lee,1472.87,1472.87
Johnny Bedford,1472.85,1550.0
CJ Vergara,1472.48,1516.75
Raphael Pessoa,1472.42,1495.37
Philip De Fries,1472.34,1520.39
Felipe Olivieri,1472.28,1472.28
Sean Sharaf,1472.22,1472.22
Justine Kish,1472.16,1537.7
Cameron Dollar,1472.12,1472.12
Joao Pierini,1472.09,1472.09
Poliana Botelho,1472.02,1543.67
Ricardo Romero,1471.98,1522.01
Mario Miranda,1471.96,1505.1
Jake Ellenberger,1471.95,1634.23
Clifford Starks,1471.92,1520.0
Connor Matthews,1471.9,1471.9
Yves Jabouin,1471.8,1539.64
Alex Karalexis,1471.69,1525.0
Brok Weaver,1471.64,1518.76
Geane Herrera,1471.62,1508.19
Gabriel Benitez,1471.59,1563.7
Deron Winn,1471.46,1517.41
Patrick Cummins,1471.41,1545.03
Thiago Perpetuo,1471.29,1525.0
Nadia Kassem,1471.26,1518.75
Francisco Rivera,1471.12,1543.77
Rafael Alves,1470.98,1510.43
Eugene Jackson,1470.94,1546.53
Ricky Turcios,1470.85,1520.0
Josh Stansbury,1470.81,1520.0
Sasha Palatnikov,1470.76,1525.0
Daniel Pineda,1470.72,1550.0
Hans Stringer,1470.55,1521.07
Anthony Perosh,1470.53,1522.46
Khama Worthy,1470.51,1555.0
Abu Azaitar,1470.5,1520.8
Kai Kamaka,1470.5,1520.0
AJ Fletcher,1470.47,1490.2
Tom Blackledge,1470.33,1470.33
Yves Edwards,1470.3,1596.42
Chris Beal,1470.27,1543.56
Ottman Azaitar,1470.27,1551.02
Marcus LeVesseur,1470.26,1494.89
Mike Jackson,1469.9,1496.44
Lucas Alexander,1469.79,1496.32
Scott Askham,1469.79,1510.27
Milana Dudieva,1469.78,1518.85
Ricky Glenn,1469.76,1536.59
Louis Smolka,1469.64,1594.59
Jorge Gurgel,1469.55,1520.12
Travis Lutter,1469.41,1523.58
Isaac Vallie-Flagg,1469.24,1523.85
Kyle Kingsbury,1469.13,1563.5
Devin Clark,1468.92,1526.79
Priscila Cachoeira,1468.78,1515.88
Jason Dent,1468.64,1487.73
Kron Gracie,1468.53,1525.64
Caol Uno,1468.53,1530.8
Marcin Held,1468.48,1484.33
Joe Riggs,1468.46,1533.91
Corey Hill,1468.44,1523.2
Eric Shelton,1468.33,1487.62
Ryo Chonan,1468.32,1506.55
Chris Cope,1468.23,1520.0
Guido Cannetti,1468.1,1497.03
Daniel Sarafian,1468.05,1507.77
Piotr Hallmann,1468.0,1533.13
Trevor Smith,1467.99,1524.82
Russell Doane,1467.96,1545.27
Clay Harvison,1467.92,1520.0
Craig White,1467.89,1484.54
Brad Scott,1467.86,1511.41
Efrain Escudero,1467.78,1548.19
Bethe Correia,1467.51,1561.13
Orion Cosce,1467.36,1493.7
George Sullivan,1467.34,1546.52
Erick Montano,1467.18,1520.0
Lando Vannata,1467.18,1516.13
Oskar Piechota,1467.03,1542.33
Derrick Krantz,1466.95,1484.74
Alexander Yakovlev,1466.92,1522.43
Mike Breeden,1466.92,1478.06
Devin Powell,1466.9,1486.1
Mike Brown,1466.83,1486.46
Marion Reneau,1466.64,1572.28
Dylan Andrews,1466.61,1546.7
Steven Peterson,1466.6,1508.07
Brian Johnston,1466.55,1530.96
Polyana Viana,1466.52,1525.0
Omar Morales,1466.49,1539.39
Yosdenis Cedeno,1466.43,1506.44
Frankie Perez,1466.37,1502.07
Vanessa Melo,1466.34,1480.53
Sumudaerji,1466.16,1535.78
Damian Stasiak,1466.13,1529.77
Louis Gaudinot,1466.08,1501.8
Bart Palaszewski,1465.78,1528.21
Elizabeth Phillips,1465.74,1481.86
Mickey Gall,1465.71,1572.44
Akbarh Arreola,1465.7,1506.19
Julian Marquez,1465.68,1546.84
Brian Kelleher,1465.63,1571.98
Tor Troeng,1465.24,1525.0
Luke Sanders,1465.18,1527.34
Justin Salas,1465.13,1520.0
Bobby Moffett,1465.04,1481.15
Darrick Minner,1465.02,1525.49
Kyle Daukaus,1464.9,1512.42
Kleydson Rodrigues,1464.79,1505.29
Justin Ledet,1464.66,1561.07
Rostem Akman,1464.55,1480.0
Mike Grundy,1464.4,1527.78
Andre Winner,1464.4,1526.46
Kay Hansen,1464.32,1525.0
Dennis Buzukja,1464.31,1484.79
Andrew Holbrook,1464.22,1520.57
Jack Marshman,1464.15,1529.77
Yaotzin Meza,1464.11,1501.52
Stefan Sekulic,1464.09,1482.75
Alex White,1464.09,1521.97
Anderson Dos Santos,1464.05,1486.66
John Allan,1464.02,1481.27
Roger Hollett,1463.93,1485.09
Cortney Casey,1463.87,1512.31
Austin Hubbard,1463.8,1510.72
Koji Oishi,1463.79,1483.96
Justin Scoggins,1463.76,1540.14
Shanna Young,1463.74,1482.44
Danny Martinez,1463.72,1481.54
Dhiego Lima,1463.7,1497.42
Christos Giagos,1463.7,1530.08
Mike de la Torre,1463.6,1510.47
Jared Gooden,1463.52,1488.07
Landon Quinones,1463.49,1482.48
Liudvik Sholinian,1463.41,1483.56
Josh Clopton,1463.32,1480.0
Paul Bradley,1463.26,1478.96
Duane Ludwig,1463.25,1546.58
Matt Dwyer,1463.14,1500.31
Terry Martin,1463.07,1509.17
Dwight Grant,1463.03,1529.74
Jay Silva,1462.99,1480.17
Gabriel Silva,1462.96,1481.92
Josh Neer,1462.8,1531.56
Tim Gorman,1462.71,1481.66
Don Shainis,1462.65,1481.59
Gasan Umalatov,1462.57,1499.87
Pete Williams,1462.56,1558.98
Rob Kimmons,1462.52,1523.11
Will Brooks,1462.48,1524.23
Alex Nicholson,1462.48,1503.47
Reese Andy,1462.43,1482.64
Ross Pearson,1462.42,1585.19
Harry Moskowitz,1462.4,1481.33
Joao Zeferino,1462.39,1481.32
Felipe Colares,1462.36,1502.92
Bruno Souza,1462.36,1481.44
Domingo Pilarte,1462.31,1478.85
Chris Wilson,1462.3,1508.6
Enrique Marin,1462.29,1480.0
Jorge Lopez,1462.27,1478.85
Michael McBride,1462.21,1481.22
Luigi Vendramini,1462.17,1506.47
Jesse Butler,1462.13,1481.56
Danny Downes,1462.11,1482.54
Julio Paulino,1462.11,1480.61
Matt Bessette,1461.98,1482.17
Mehdi Baghdad,1461.98,1479.5
Matt Horwich,1461.9,1481.53
Clay Collard,1461.82,1499.73
Alex Da Silva,1461.81,1495.18
Kyle Prepolec,1461.77,1481.66
Preston Parsons,1461.74,1504.92
Carlos Huachin,1461.72,1478.36
Ben Saunders,1461.69,1596.72
Johnny Munoz,1461.64,1505.02
Edwin Figueroa,1461.63,1521.45
Kevin Aguilar,1461.52,1544.56
Townsend Saunders,1461.5,1480.0
Ray Rodriguez,1461.5,1477.62
Laureano Staropoli,1461.4,1541.74
Tateki Matsuda,1461.36,1481.44
Ericka Almeida,1461.35,1480.07
Jin Soo Son,1461.3,1481.45
Luis Henrique,1461.23,1526.63
Danny Mitchell,1461.22,1481.29
Julie Kedzie,1461.15,1480.0
Alexis Dufresne,1461.15,1480.0
Rayanne dos Santos,1461.15,1480.0
Humberto Bandenay,1461.14,1526.8
Justin Jones,1461.12,1481.44
Chris Fishgold,1461.09,1500.69
Konstantin Erokhin,1461.07,1478.85
Hatsu Hioki,1461.05,1539.65
Nick Fiore,1461.03,1480.0
TJ Brown,1460.99,1503.67
Bobby Hoffman,1460.97,1482.43
David Zawada,1460.96,1491.31
Jonavin Webb,1460.96,1481.32
Darko Stosic,1460.93,1523.51
Lucio Linhares,1460.87,1476.76
Gadzhi Omargadzhiev,1460.75,1480.0
Jason Novelli,1460.75,1476.8
Quinn Mulhern,1460.72,1479.54
Amar Suloev,1460.72,1484.52
Josh Fremd,1460.69,1498.97
Carlton Minus,1460.64,1480.0
Hernani Perpetuo,1460.58,1480.37
Vagner Rocha,1460.55,1508.07
Jon Olav Einemo,1460.52,1475.0
Sarah Frota,1460.47,1481.27
Darrell Horcher,1460.41,1503.48
Seo Hee Ham,1460.32,1499.98
Quang Le,1460.31,1485.72
Shane Roller,1460.26,1527.82
Josh Sampo,1460.23,1525.0
DaMarques Johnson,1460.22,1528.29
Shana Dobson,1460.18,1525.0
Damien Brown,1460.14,1525.88
Bernardo Magalhaes,1460.08,1480.0
Reuben Duran,1460.08,1506.44
Chan-Mi Jeon,1460.07,1478.85
Nolan Ticman,1460.07,1480.0
Paulo Thiago,1460.06,1571.28
Kazula Vargas,1460.05,1482.04
Colin Fletcher,1460.0,1480.0
Dylan Budka,1459.98,1475.0
Timmy Cuamba,1459.95,1480.0
David Dodd,1459.93,1478.71
Dileno Lopes,1459.91,1480.0
Josh Copeland,1459.87,1481.15
Andre Gusmao,1459.85,1480.0
Ronys Torres,1459.82,1480.9
Marnic Mann,1459.81,1480.0
Mats Nilsson,1459.76,1478.36
Oliver Enkamp,1459.71,1482.3
Yuri Villefort,1459.7,1480.0
SeungWoo Choi,1459.69,1524.75
Joey Gambino,1459.69,1478.11
Rosi Sexton,1459.61,1480.0
Kyle Bradley,1459.56,1479.32
Mark Striegl,1459.53,1477.05
Cristiano Marcello,1459.52,1497.86
Tom DeBlass,1459.51,1479.42
Austin Arnett,1459.49,1477.81
James Irvin,1459.44,1526.27
Karlos Vemola,1459.38,1507.05
Jose Johnson,1459.36,1502.43
Vik Grujic,1459.26,1505.0
Victor Altamirano,1459.23,1522.87
Teemu Packalen,1459.23,1505.47
AJ Dobson,1459.2,1481.45
Carmelo Marrero,1459.19,1522.67
Doug Evans,1459.19,1479.35
Christophe Leninger,1459.15,1475.0
Zhang Tiequan,1459.14,1523.49
Jason MacDonald,1459.08,1557.59
Yao Zhikui,1459.08,1501.08
Ali AlQaisi,1459.03,1478.97
Alex Ricci,1458.93,1480.0
Justin Eilers,1458.93,1526.61
Yizha,1458.91,1480.0
Chris Avila,1458.85,1477.7
Fernando Bruno,1458.85,1475.0
Jarno Errens,1458.84,1481.09
Dan Argueta,1458.81,1502.71
Michal Figlak,1458.78,1479.82
Ryan Couture,1458.77,1479.0
Kuniyoshi Hironaka,1458.75,1504.39
Chad Reiner,1458.74,1482.48
Motonobu Tezuka,1458.73,1478.77
Alice Ardelean,1458.73,1478.76
Yoshihiro Akiyama,1458.71,1522.88
Christian Morecraft,1458.71,1503.35
Josh Ferguson,1458.64,1475.0
Rin Nakai,1458.64,1478.58
Aleksa Camur,1458.62,1520.75
Carl Deaton,1458.6,1479.52
Peter Barrett,1458.54,1482.2
Maria Oliveira,1458.54,1498.4
Ednaldo Oliveira,1458.52,1477.21
TJ Laramie,1458.5,1473.43
Vince Morales,1458.43,1509.32
Andrea Lee,1458.42,1559.32
Steve Lopez,1458.38,1478.43
Joey Gomez,1458.38,1476.76
Amilcar Alves,1458.36,1477.15
Horacio Gutierrez,1458.25,1480.0
Jonathan Wilson,1458.21,1524.78
Valeri Ignatov,1458.13,1476.8
Brandon Thatch,1458.12,1550.55
Pearl Gonzalez,1458.11,1476.77
Matt Sayles,1458.1,1503.69
Rongzhu,1458.09,1504.29
Marc-Andre Barriault,1458.06,1525.34
Pat Barry,1458.02,1524.39
KB Bhullar,1457.98,1478.16
Yanis Ghemmouri,1457.98,1477.87
Patrick Williams,1457.96,1503.22
Richard Walsh,1457.95,1520.0
Kevin Casey,1457.95,1498.37
Jordan Radev,1457.94,1475.05
Jason Gonzalez,1457.92,1499.42
Val Woodburn,1457.88,1476.53
Tim Lajcik,1457.88,1476.53
Steve Berger,1457.87,1480.0
Alberto Crane,1457.86,1480.77
Ramiro Hernandez,1457.79,1475.28
Jon Delos Reyes,1457.78,1481.23
Alessio Sakara,1457.76,1551.26
John Halverson,1457.67,1476.44
Alex Soto,1457.61,1477.86
Justin Levens,1457.59,1481.24
Jessica Rakoczy,1457.58,1475.0
Yorgan De Castro,1457.57,1525.0
Yasuhiro Urushitani,1457.52,1477.78
Yusuke Kasuya,1457.52,1481.17
Steve Montgomery,1457.51,1475.0
Brock Jardine,1457.5,1484.01
Pat Audinwood,1457.49,1476.12
Wagner Prado,1457.46,1481.1
Chad Griggs,1457.44,1480.27
Anthony Ivy,1457.44,1475.0
Richardson Moreira,1457.37,1475.0
Paul Redmond,1457.36,1481.15
Te Edwards,1457.27,1475.0
Michel Quinones,1457.2,1475.0
Lauren Mueller,1457.2,1521.44
Nohelin Hernandez,1457.19,1480.81
Papy Abedi,1457.17,1483.39
TJ O'Brien,1457.16,1476.13
Louis Cosce,1457.15,1475.0
Kazuhiro Nakamura,1457.15,1482.38
Luan Lacerda,1457.14,1482.33
Teruto Ishihara,1457.14,1547.18
Hector Ramirez,1457.11,1473.32
Jessin Ayari,1457.1,1520.0
Brian Houston,1457.1,1476.69
Artem Lobov,1457.1,1505.79
Josh Quinlan,1457.08,1523.26
Tucker Lutz,1457.07,1518.87
Sam Sicilia,1457.06,1525.0
Eddie Wineland,1457.05,1536.17
Jason Young,1456.95,1481.15
Antonio Mendes,1456.94,1480.22
Marcin Prachnio,1456.74,1482.52
Joseph Gigliotti,1456.71,1480.29
Johnny Eduardo,1456.7,1527.57
Renee Forte,1456.67,1497.42
Andreas Stahl,1456.55,1480.0
Sam Stout,1456.53,1542.71
Mike Stumpf,1456.49,1474.87
Walel Watson,1456.46,1525.0
Luiz Dutra,1456.44,1480.0
Dan Stittgen,1456.44,1475.0
Tuco Tokkos,1456.44,1475.0
Alan Omer,1456.44,1480.0
Mike Lullo,1456.44,1475.0
Carls John De Tomas,1456.44,1480.0
Curtis Stout,1456.44,1480.0
Sammy Morgan,1456.44,1475.0
Randa Markos,1456.43,1505.99
Vaughan Lee,1456.39,1503.57
Jason Black,1456.36,1476.44
Kevin Borjas,1456.34,1480.91
Marcelo Golm,1456.34,1523.18
Thomas Gifford,1456.34,1481.37
Kazuki Tokudome,1456.34,1519.88
Saimon Oliveira,1456.33,1479.88
Sean Salmon,1456.3,1481.07
Anna Elmose,1456.28,1476.36
Kurt Holobaugh,1456.28,1482.57
Brendan O'Reilly,1456.26,1501.03
Josh Shockley,1456.25,1475.0
Silvana Gomez Juarez,1456.21,1475.7
Ashkan Mokhtarian,1456.09,1480.72
Daniel Spitz,1456.03,1502.2
Brodie Farber,1456.03,1475.0
Dokonjonosuke Mishima,1456.01,1477.06
Cole Williams,1455.99,1481.43
Shayna Baszler,1455.91,1477.79
Sarah Alpar,1455.89,1474.42
Joe Brammer,1455.81,1476.75
Kaynan Kruschewsky,1455.8,1478.36
Saparbeg Safarov,1455.8,1477.3
Jordan Griffin,1455.76,1492.71
Elvis Mutapcic,1455.76,1481.05
JC Cottrell,1455.76,1481.29
Dakota Bush,1455.72,1479.23
Jeremy Kimball,1455.71,1502.73
Bevon Lewis,1455.68,1477.07
Leonardo Mafra,1455.52,1477.23
Syuri Kondo,1455.46,1518.78
Nick Aguirre,1455.46,1478.95
Mac Danzig,1455.43,1547.97
Vince Cachero,1455.43,1478.91
Joachim Christensen,1455.43,1502.03
Danny Abbadi,1455.39,1475.0
Victor Valimaki,1455.37,1481.44
Leo Kuntz,1455.36,1475.0
Charles Rosa,1455.35,1517.09
Shane Howell,1455.32,1473.58
Mark Holst,1455.31,1478.78
Frank Trigg,1455.3,1535.09
Brogan Walker,1455.29,1475.0
Byron Bloodworth,1455.29,1475.0
Jacob Kilburn,1455.29,1475.0
David Kaplan,1455.29,1475.0
Razak Al-Hassan,1455.29,1475.0
Brandon Wolff,1455.26,1478.12
Jamey Simmons,1455.26,1480.28
Pat Schilling,1455.26,1475.0
Rodrigo de Lima,1455.22,1476.28
Marcos Mariano,1455.21,1473.58
Takenori Sato,1455.15,1476.46
Eddie Gordon,1455.15,1525.0
Gaetano Pirrello,1455.15,1478.49
Talita Bernardo,1455.13,1478.59
Tim Williams,1455.1,1476.34
Ulysses Gomez,1455.08,1475.0
Leonardo Guimaraes,1455.07,1478.56
Claudio Ribeiro,1455.06,1500.64
Tom Watson,1455.05,1510.38
Jason Tan,1455.04,1478.49
Chris Indich,1455.0,1480.0
Leonardo Morales,1455.0,1480.0
Mohammad Yahya,1454.97,1480.04
Ryan MacDonald,1454.93,1478.66
Carlos Candelario,1454.92,1480.0
Jim Wallhead,1454.92,1480.0
Michael Patt,1454.85,1475.1
Houston Alexander,1454.85,1552.17
Jessica-Rose Clark,1454.84,1539.82
Terrence Mitchell,1454.84,1478.18
Phil Harris,1454.82,1496.28
Mike Rio,1454.75,1523.2
Crafton Wallace,1454.71,1475.0
Michael Kuiper,1454.68,1505.14
Eric Wisely,1454.64,1475.65
Donny Walker,1454.64,1480.0
Elias Garcia,1454.55,1473.0
Andre Soukhamthath,1454.48,1493.49
Alptekin Ozkilic,1454.45,1521.06
Kyle Stewart,1454.45,1473.78
Todd Brown,1454.39,1480.35
Brandon Jenkins,1454.38,1473.4
Juancamilo Ronderos,1454.36,1477.76
Anthony Lapsley,1454.34,1479.2
Gloria de Paula,1454.33,1477.5
Luis Ramos,1454.27,1475.0
Alvin Robinson,1454.12,1501.19
Chris Heatherly,1454.07,1477.45
Dan Evensen,1454.06,1477.44
Besam Yousef,1454.02,1475.0
Cristina Stanciu,1453.92,1480.41
Cain Carrizosa,1453.92,1475.0
Suman Mokhtarian,1453.92,1475.0
Erik Silva,1453.88,1473.35
Grigory Popov,1453.86,1475.26
Mariya Agapova,1453.85,1522.35
Willie Gates,1453.83,1502.26
Jordan Espinosa,1453.78,1519.29
Edward Faaloloto,1453.75,1473.56
Michelle Waterson-Gomez,1453.74,1568.34
Gilbert Aldana,1453.72,1477.07
Wagner Silva,1453.7,1475.0
Rafael Cavalcante,1453.69,1504.96
Kelly Faszholz,1453.66,1472.06
Jesse Strader,1453.64,1476.99
Eiji Mitsuoka,1453.64,1473.27
Ryan Thomas,1453.61,1476.44
Luke Caudillo,1453.61,1478.57
Kevin Jordan,1453.59,1476.93
Denis Stojnic,1453.53,1478.65
Scott Smith,1453.52,1502.76
Roman Salazar,1453.5,1478.38
Fabiano Scherner,1453.46,1475.0
Azamat Gashimov,1453.46,1477.3
Kwan Ho Kwak,1453.45,1480.0
Jason Godsey,1453.41,1475.9
Jorge de Oliveira,1453.41,1478.56
Guto Inocente,1453.4,1476.8
Anthony Christodoulou,1453.39,1476.72
Shane del Rosario,1453.38,1478.32
Brendon Marotte,1453.37,1476.19
Rolando Dy,1453.36,1478.05
Xavier Foupa-Pokam,1453.32,1478.68
Joseph Holmes,1453.31,1501.86
Ricky Rainey,1453.21,1473.36
Yoislandy Izquierdo,1453.2,1475.0
Cody Pfister,1453.17,1494.35
Sean Spencer,1453.09,1515.42
Rob Wilkinson,1453.06,1476.36
Jose Maria,1452.95,1476.24
Steve Kennedy,1452.87,1472.63
Emily Kagan,1452.85,1480.0
Antonio Silva,1452.84,1542.62
Jessamyn Duke,1452.79,1520.0
Mark Eddiva,1452.67,1520.0
Jack May,1452.61,1475.0
Tamires Vidal,1452.58,1522.25
George Roop,1452.58,1499.71
Jason Witt,1452.49,1500.69
Juan Adams,1452.49,1523.24
Kris Moutinho,1452.47,1480.89
Larissa Pacheco,1452.47,1476.09
Roxanne Modafferi,1452.45,1501.91
Drako Rodriguez,1452.42,1473.14
Travis Wiuff,1452.42,1475.43
Liana Jojua,1452.41,1497.79
Alexandre Dantas,1452.4,1475.0
Collin Anglin,1452.39,1475.0
Juan Manuel Puig,1452.38,1475.63
Antonio Trocoli,1452.28,1476.7
Chris de la Rocha,1452.28,1475.52
Mallory Martin,1452.23,1496.21
Andreas Michailidis,1452.22,1495.18
Edilberto de Oliveira,1452.19,1475.0
Zarrukh Adashev,1452.14,1475.88
CJ Keith,1452.07,1474.67
Barb Honchak,1451.93,1478.15
Jeremy Jackson,1451.93,1475.0
Dong Hyun Ma,1451.86,1515.53
Roldan Sangcha'an,1451.83,1478.56
Joseph Sandoval,1451.8,1475.0
Aalon Cruz,1451.8,1475.0
Bristol Marunde,1451.8,1475.0
Charlie Ward,1451.8,1475.0
Moti Horenstein,1451.8,1475.0
John Cofer,1451.8,1475.0
Larry Cureton,1451.8,1475.0
Joe Veres,1451.8,1475.0
Brad Morris,1451.8,1475.0
Royce Alger,1451.8,1475.0
Sheila Gaff,1451.8,1475.0
Trent Jenkins,1451.79,1475.0
Kiefer Crosbie,1451.78,1475.0
Jeff Cox,1451.74,1474.82
Marcin Bandel,1451.72,1474.92
Steve Steinbeiss,1451.71,1470.39
Dusko Todorovic,1451.69,1520.43
Ansar Chalangov,1451.68,1473.2
Charalampos Grigoriou,1451.63,1478.69
Vinny Magalhaes,1451.52,1488.84
Roger Bowling,1451.48,1474.08
Victor Martinez,1451.48,1476.7
Oli Thompson,1451.47,1475.0
Jenel Lausa,1451.44,1518.72
Christian Colombo,1451.43,1499.44
Tommy Speer,1451.38,1475.0
Martin Bravo,1451.33,1525.0
Nick Penner,1451.32,1474.49
Karl Roberson,1451.19,1546.61
Cameron VanCamp,1451.17,1475.85
David Mitchell,1451.13,1485.37
Eric Schafer,1451.09,1527.5
Ben Wall,1451.04,1475.0
Victor Rodriguez,1451.0,1475.0
Herbert Burns,1450.86,1552.01
Rob Yundt,1450.57,1473.68
Wendell Oliveira Marques,1450.54,1473.65
Danilo Belluardo,1450.53,1473.64
Henrique da Silva,1450.51,1549.86
James Bochnovic,1450.48,1475.0
Colin Robinson,1450.46,1474.87
Cesar Arzamendia,1450.45,1475.0
Wes Combs,1450.45,1475.0
Hayder Hassan,1450.36,1475.0
Lisa Ellis,1450.36,1475.0
Dashon Johnson,1450.35,1475.0
Johnny Rees,1450.31,1475.0
Tommy Hayden,1450.3,1473.56
Micheal Gillmore,1450.29,1475.0
Yusaku Kinoshita,1450.26,1473.35
Anton Zafir,1450.18,1473.85
Cameron Else,1450.17,1476.36
Richie Vaculik,1450.16,1496.44
Chase Gormley,1450.14,1475.15
Sam Fulton,1450.12,1473.2
Chris Tuchscherer,1450.11,1500.13
Steve Judson,1450.01,1473.08
Zane Frazier,1450.0,1475.0
Chris Price,1450.0,1476.44
Joe Vedepo,1449.99,1473.33
David Lee,1449.87,1475.0
Alberto Uda,1449.77,1472.82
Kyle Bochniak,1449.66,1504.81
Andre Fialho,1449.51,1535.97
Samy Schiavo,1449.44,1474.1
Amanda Cooper,1449.42,1495.08
Gadzhimurad Antigulov,1449.42,1551.34
Jason Miller,1449.38,1481.47
Mike Guymon,1449.34,1496.83
Fabricio Camoes,1449.25,1506.41
Anthony Birchak,1449.2,1498.83
Trevin Jones,1449.07,1526.83
David Abbott,1449.0,1581.97
Wellington Turman,1448.95,1504.99
William Macario,1448.94,1494.01
Colton Smith,1448.91,1520.0
Dominique Steele,1448.74,1503.21
Daniel Jolly,1448.67,1475.0
Takashi Sato,1448.66,1528.21
Dominic Waters,1448.64,1481.23
Matt Van Buren,1448.63,1475.0
Boston Salmon,1448.48,1473.56
Sean O'Connell,1448.45,1510.24
Ross Pointon,1448.28,1475.0
Antonio Dos Santos,1448.27,1472.63
Chris Dempsey,1448.15,1496.91
Zac Pauga,1448.04,1493.37
Rachael Ostovich,1447.96,1525.0
Montserrat Conejo Ruiz,1447.9,1520.0
Charles Byrd,1447.79,1525.0
Dave Menne,1447.63,1537.68
Randy Costa,1447.62,1521.41
Tom Niinimaki,1447.43,1523.14
Sarah Moras,1447.26,1524.79
Khalid Taha,1447.25,1506.44
Salim Touahri,1447.16,1482.97
Yohan Lainesse,1447.12,1494.5
Cody Donovan,1447.04,1523.17
Markus Perez,1446.98,1511.0
Ryan Benoit,1446.89,1510.53
Ode Osbourne,1446.69,1517.18
Alvaro Herrera Mendoza,1446.64,1525.0
Rashad Coulter,1446.61,1471.61
Miranda Granger,1446.35,1520.0
Jason Gilliam,1446.14,1473.36
Alessio Di Chirico,1446.03,1520.89
Assuerio Silva,1445.95,1482.89
Tafon Nchukwi,1445.84,1520.0
Cody East,1445.82,1470.36
Kevin Croom,1445.59,1482.71
Rolando Bedoya,1445.51,1483.48
Hector Lombard,1445.29,1557.07
Hannah Goldy,1445.23,1484.37
Jessica Eye,1445.09,1511.46
Jamie Varner,1445.06,1536.04
Henry Briones,1444.84,1525.0
Joey Beltran,1444.56,1542.34
Rodney Wallace,1444.52,1479.91
Bec Rawlings,1444.18,1524.37
Nate Mohr,1444.15,1496.59
Emily Whitmire,1443.82,1524.43
Darian Weeks,1443.75,1480.68
Tim Hague,1443.74,1526.68
Junior Albini,1443.36,1526.88
Vinicius Salvador,1443.19,1480.17
Lina Lansberg,1443.16,1517.12
Mike Rodriguez,1443.05,1506.1
Mitch Clarke,1442.97,1507.48
Julija Stoliarenko,1442.85,1480.0
Jeff Curran,1442.75,1479.16
Mateus Mendonca,1442.46,1482.36
Gilbert Yvel,1441.88,1480.2
Jessica Aguilar,1441.86,1481.85
Justin Edwards,1441.82,1507.97
Caio Machado,1441.64,1481.21
Garreth McLellan,1441.53,1506.44
Aaron Riley,1441.51,1482.74
Dan Lauzon,1441.25,1478.39
Marcio Alexandre Junior,1441.24,1475.0
Pete Sell,1441.12,1524.53
Wes Sims,1441.08,1482.69
Albert Morales,1441.02,1501.32
Diego Saraiva,1440.99,1478.63
Dan Moret,1440.94,1479.86
Jessica Penne,1440.85,1520.0
Mike Rhodes,1440.77,1480.0
Kamal Shalorus,1440.66,1485.01
Jeff Hughes,1440.62,1481.44
Andy Enz,1440.01,1482.95
Dave Herman,1440.0,1525.0
Tra Telligman,1439.78,1501.8
James Llontop,1439.71,1475.0
Blood Diamond,1439.47,1477.22
Ramona Pascual,1439.34,1481.61
Journey Newson,1439.22,1482.13
Nam Phan,1439.08,1486.62
Mike Massenzio,1438.78,1526.4
Justin Buchholz,1438.74,1505.0
Ashlee Evans-Smith,1438.74,1522.86
Mostapha Al-Turk,1438.32,1479.04
Alex Reyes,1438.21,1479.25
Jay Perrin,1438.13,1479.93
Brad Imes,1437.94,1480.0
Felix Lee Mitchell,1437.87,1476.8
Kris McCray,1437.86,1475.0
Tonya Evinger,1437.75,1478.44
Antonio Arroyo,1437.7,1480.0
Diana Belbita,1437.62,1480.92
Lukasz Sajewski,1437.57,1480.02
Norifumi Yamamoto,1437.5,1480.0
Jared Papazian,1437.44,1481.44
Eric Spicely,1437.42,1531.25
Alex Chambers,1437.37,1500.0
Jocelyn Jones-Lybarger,1437.14,1482.29
Jordan Williams,1437.07,1480.0
Shane Young,1437.03,1525.39
Darrell Montague,1436.96,1478.22
Darrius Flowers,1436.84,1480.7
Sabah Homasi,1436.79,1479.99
Gilbert Melendez,1436.53,1515.7
Wulijiburen,1436.48,1477.45
Oluwale Bamgbose,1436.47,1502.51
Garett Whiteley,1436.44,1475.0
Cole Escovedo,1436.19,1480.0
Shane Campbell,1436.17,1501.0
Daniel Teymur,1436.0,1480.0
Hector Aldana,1435.92,1476.56
Estevan Payan,1435.68,1479.8
Marvin Eastman,1435.52,1480.22
Erick Gonzalez,1435.27,1478.88
Roque Martinez,1435.19,1475.0
Justin Jaynes,1435.07,1523.07
Yoji Anjo,1435.05,1480.57
Mark De La Rosa,1434.86,1516.22
Genaro Valdez,1434.86,1473.43
Alan Baudot,1434.75,1476.79
Damian Grabowski,1434.71,1478.17
Josh Haynes,1434.62,1475.0
Kevin Natividad,1434.46,1474.61
Brian Camozzi,1433.94,1476.5
Iliarde Santos,1433.94,1476.01
Josh Parisian,1433.78,1497.13
Gabe Ruediger,1433.68,1476.55
Jumabieke Tuerxun,1433.55,1480.0
Fabio Cherant,1433.52,1475.26
Charlie Ontiveros,1433.35,1481.04
Viktor Pesta,1433.3,1501.15
Niklas Stolze,1433.27,1482.69
Edwin DeWees,1433.14,1477.32
Daiju Takase,1433.13,1473.91
Zelim Imadaev,1432.96,1478.68
Malcolm Gordon,1432.8,1502.03
Denys Bondar,1432.66,1473.22
Matt Grice,1432.65,1495.08
Marcelo Rojo,1432.55,1474.39
Mara Romero Borella,1432.49,1525.0
Angela Magana,1432.45,1480.0
Bobby Nash,1432.4,1476.16
Jason Reinhardt,1432.25,1478.98
Mike Santiago,1432.09,1475.0
Forrest Petz,1432.09,1518.56
Ruan Potts,1431.97,1476.92
Joby Sanchez,1431.8,1500.16
Victoria Leonardo,1431.71,1475.0
Bojan Mihajlovic,1431.68,1478.45
Jared Hamman,1431.36,1504.89
Mizuto Hirota,1431.06,1487.13
Kalindra Faria,1430.97,1475.0
Harry Hunsucker,1430.92,1476.93
Phil Baroni,1430.51,1548.94
Gideon Ray,1430.48,1475.25
Hu Yaozong,1430.45,1472.96
Brad Pickett,1430.09,1529.08
Ihor Potieria,1429.79,1507.49
Jesse Forbes,1429.39,1475.0
Shannon Ross,1429.2,1473.47
Jake Lindsey,1428.91,1475.0
Jeremy Larsen,1428.85,1475.0
Frank Camacho,1428.58,1503.32
John Albert,1428.36,1525.0
Thibault Gouti,1428.28,1473.49
Jordan Wright,1428.24,1522.88
Jorge Santiago,1428.16,1523.65
Lukasz Brzeski,1427.95,1481.16
Gian Villante,1427.77,1536.94
Dalcha Lungiambula,1427.49,1525.0
Jake Collier,1427.33,1498.32
Igor Pokrajac,1427.31,1542.58
Rafaello Oliveira,1427.22,1501.15
Sam Alvey,1426.79,1609.6
Steve Cantwell,1426.45,1525.0
Dmitrii Smoliakov,1425.39,1473.2
Damacio Page,1425.37,1475.0
Joe Doerksen,1424.93,1500.81
Rhys McKee,1424.91,1476.6
Ryan Jensen,1424.73,1476.87
Ji Yeon Kim,1424.58,1524.49
Terrion Ware,1424.37,1480.0
Will Campuzano,1423.79,1475.0
Wu Yanan,1423.79,1506.73
Dustin Pague,1423.41,1500.46
Takanori Gomi,1423.31,1528.22
Jodie Esquibel,1421.97,1481.03
John Phillips,1421.86,1475.0
Aaron Phillips,1421.79,1478.94
Bobby Voelker,1421.33,1478.52
Keith Wisniewski,1421.06,1480.0
Charlie Brenneman,1420.94,1542.62
Fernie Garcia,1420.74,1477.61
Zarah Fairn,1420.26,1473.78
Jay Hieron,1420.2,1476.55
Brandon Davis,1420.1,1500.27
Khadis Ibragimov,1419.8,1475.0
Pat Healy,1419.5,1475.0
Jinh Yu Frey,1419.33,1497.31
Denis Tiuliulin,1419.32,1499.86
Anthony Hamilton,1418.62,1502.4
Anton Turkalj,1418.46,1478.67
Hannah Cifers,1418.09,1513.4
Ricardo Funch,1417.84,1481.54
Andy Ogle,1416.61,1497.23
John Alessio,1416.54,1481.99
Maki Pitolo,1415.74,1503.05
Elvis Sinosic,1415.73,1529.09
Phillipe Nover,1415.67,1480.0
Michihiro Omigawa,1415.4,1480.2
Ashley Yoder,1415.34,1484.45
Dequan Townsend,1415.33,1475.0
Lucie Pudilova,1415.22,1521.33
Martin Day,1414.87,1481.1
Gina Mazany,1414.49,1498.27
Seth Petruzelli,1414.46,1481.44
Josh Grispi,1414.38,1480.0
JP Buys,1414.03,1472.22
Istela Nunes,1412.58,1474.87
Scott Jorgensen,1411.9,1542.38
Edgar Garcia,1411.5,1482.52
Zhalgas Zhumagulov,1411.28,1484.67
Tiki Ghosn,1410.3,1475.0
Alen Amedovski,1409.67,1481.31
Jerome Rivera,1409.49,1474.51
Leonard Garcia,1408.67,1510.27
Kailin Curran,1406.17,1477.15
Liang Na,1405.01,1472.93
Vinicius Moreira,1404.79,1475.0
Ike Villanueva,1404.64,1471.19
Jesse Ronson,1401.95,1478.87
Naoyuki Kotani,1400.77,1480.0
Sean Soriano,1397.88,1475.0
Jared Vanderaa,1397.6,1495.56
Chase Sherman,1396.59,1499.37
Jamie Pickett,1395.16,1499.02
Daniel Lacerda,1388.39,1476.44
Joshua Burkman,1387.07,1560.83
